SKU,Name,Alternate Id,Options,Suggested Category,Price,Sale Price,Currency,QTY,Hidden,Image URL,Description
BLC-SWN-WHS-GLS,The Black Swan – Noir Whiskey Tumbler Set,black-swan-whiskey-glass-set-of-4,,Drinkware,$50.00 ,$30.00 ,USD,2,False,https://img1.wsimg.com/isteam/ip/021f10ea-1ee0-4cd6-9752-37761b8edd13/ols/assets_task_01k5qnjn0pfk59dh6a3apfzgaj_175850.webp;https://img1.wsimg.com/isteam/ip/021f10ea-1ee0-4cd6-9752-37761b8edd13/ols/BlackSwanOfWhiskeyGlassSetof4_img2.webp;https://img1.wsimg.com/isteam/ip/021f10ea-1ee0-4cd6-9752-37761b8edd13/ols/BlackSwanOfWhiskeyGlassSetof4_img1.webp;https://img1.wsimg.com/isteam/ip/021f10ea-1ee0-4cd6-9752-37761b8edd13/ols/BlackSwanOfWhiskeyGlassSetof4_img3.webp;https://img1.wsimg.com/isteam/ip/021f10ea-1ee0-4cd6-9752-37761b8edd13/ols/assets_task_01k5qnjn0pfk59dh6a3apfzgaj_175850.webp,"Rare. Elegant. Dangerous. Sip your spirits from a vessel as mysterious as the night itself. The Black Swan Tumbler Set transforms the ritual of a nightcap into an act of dark devotion. Crafted from sleek, high-gloss black glass, these heavy-bottomed tumblers offer a tactile experience that traditional clear glass simply cannot match. They are designed for the serious connosieur who understands that visual deprivation heightens the sense of taste. Whether you are pouring a single malt, a smoky mezcal, or a midnight negroni, the drink remains a secret until it touches your lips. Why They Belong on Your Bar Cart: The Noir Aesthetic: A bold departure from standard crystal, these glasses turn your bar cart into a statement of gothic luxury. Heavyweight Feel: Substantial in the hand, with a thick base that keeps your drink grounded. The Element of Mystery: The opaque/smoked finish obscures the liquid, making every sip a surprise. Set of Four: Perfect for hosting a small, intimate gathering of like-minded souls. The Details: Set Includes: 4 Whiskey Tumblers Capacity: Standard Double Old Fashioned size Material: Black Tinted Glass Care: Hand Wash Recommended to maintain the high-gloss finish."
MS-18-PC-STN,The Mesa Ritual Collection – 18-Piece Matte Stoneware Set,mesa-18-piece-stoneware-dinnerware-set,,Dining & Serveware,$70.00 ,$42.00 ,USD,2,False,https://img1.wsimg.com/isteam/ip/021f10ea-1ee0-4cd6-9752-37761b8edd13/ols/Matte%20black%20stoneware%20dinner%20plate%2C%20salad%20plat.png;https://img1.wsimg.com/isteam/ip/021f10ea-1ee0-4cd6-9752-37761b8edd13/ols/18%20piece%20Stoneware%20Dinnerware%20Set_img2.webp;https://img1.wsimg.com/isteam/ip/021f10ea-1ee0-4cd6-9752-37761b8edd13/ols/18%20piece%20Stoneware%20Dinnerware%20Set_img1.webp;https://img1.wsimg.com/isteam/ip/021f10ea-1ee0-4cd6-9752-37761b8edd13/ols/18%20piece%20Stoneware%20Dinnerware%20Set_img5.webp;https://img1.wsimg.com/isteam/ip/021f10ea-1ee0-4cd6-9752-37761b8edd13/ols/18%20piece%20Stoneware%20Dinnerware%20Set_img6.webp;https://img1.wsimg.com/isteam/ip/021f10ea-1ee0-4cd6-9752-37761b8edd13/ols/18%20piece%20Stoneware%20Dinnerware%20Set_img4.webp,"The Foundation of Your Feast. Dining is more than just eating; it is a ritual. Set the stage for your next gathering with The Mesa Ritual Collection , a dinnerware set designed for those who appreciate the beauty of shadows and substance. Crafted from solid, non-porous stoneware, these plates feature a sleek, low-profile silhouette and a stunning lead-free matte finish . This tactile surface absorbs the light rather than reflecting it, allowing the colors of your food to pop in dramatic contrast—perfect for the dark aesthetic home. Heavy, scratch-resistant, and built to last, this set brings an earthy, grounded energy to your table, whether you are serving a midnight supper for six or a solitary meal by candlelight. Why It Belongs on Your Table: Matte Aesthetic: The non-reflective finish offers a modern, sophisticated look that feels incredible to the touch. Modern Silhouette: Low profiles and wide rims keep your presentation clean and contemporary. Built for Real Life: Despite their elegant look, these pieces are scratch-resistant, microwave-safe, and dishwasher-safe. Complete Service: A full 18-piece set provides a cohesive look for up to 6 guests. The Details: Material: Durable Stoneware Finish: Matte Glaze (Lead-Free) Care: Microwave & Dishwasher Safe Includes: 6x Dinner Plates (10.5”) 6x Salad/Dessert Plates (8”) 6x Soup/Cereal Bowls (23oz, 5.8”)"
MRS-LBT-ART-PRN,"""Amorous Libation"" – Monster Cocktail Hour Framed Art Print by Mike Bell",amorous-libation-art-print,,Drinkware,$43.00 ,$25.80 ,USD,2,False,https://img1.wsimg.com/isteam/ip/021f10ea-1ee0-4cd6-9752-37761b8edd13/ols/Amorous%20Libation%20-%20Art%20Print_img1.webp;https://img1.wsimg.com/isteam/ip/021f10ea-1ee0-4cd6-9752-37761b8edd13/ols/Amorous%20Libation%20-%20Art%20Print_img2.webp,"Raise a Glass to Eternal Love. Cheers to the couple that was literally made for each other. ""Amorous Libation"" is a cheeky, romantic fine art print by Mike Bell that captures a quiet moment of connection between the underworld's favorite lovers. Depicting a toast shared over a mysterious glowing cocktail, this piece blends classic horror iconography with the fun, retro vibe of a tiki bar or speakeasy. It is the ultimate decor for your home bar, kitchen, or dining room. Printed on high-quality 100lb semi-gloss cover stock, the vibrant colors of the potion and the moody background pop with exceptional clarity. Why It Belongs on Your Wall: Gothic Bar Decor: The perfect backdrop for your liquor cabinet or cocktail station (looks great next to our Sepia & Smoke Coupes!). Artist Series: Officially licensed artwork by Mike Bell, celebrating the lowbrow art movement. Premium Finish: Heavy stock paper and a semi-gloss finish prevent that cheap ""poster"" glare. Hassle-Free: Arrives professionally framed in black composite with hardware attached—ready to hang instantly. The Details: Artwork Dimensions: 12"" x 18"" Finished Framed Size: 14"" x 20"" Frame Style: 1.25"" Wide Black Composite Origin: Proudly Made in the USA"
MD-FOR-CH-THR,"""Made For Each Other"" – The Bride & Monster Framed Art Print by Mike Bell",made-for-each-other-art-print,,Wall Art,$43.00 ,$25.80 ,USD,2,False,https://img1.wsimg.com/isteam/ip/021f10ea-1ee0-4cd6-9752-37761b8edd13/ols/Made%20for%20Each%20Other%20-%20Art%20Print_img2-3a7189a.webp;https://img1.wsimg.com/isteam/ip/021f10ea-1ee0-4cd6-9752-37761b8edd13/ols/Made%20for%20Each%20Other%20-%20Art%20Print_img3-9867ab4.webp;https://img1.wsimg.com/isteam/ip/021f10ea-1ee0-4cd6-9752-37761b8edd13/ols/Made%20for%20Each%20Other%20-%20Art%20Print_img4-ced5d76.webp;https://img1.wsimg.com/isteam/ip/021f10ea-1ee0-4cd6-9752-37761b8edd13/ols/Made%20for%20Each%20Other%20-%20Art%20Print_img5-879f8f6.webp,"A Love That Defies Nature. Celebrate the ultimate union of the underworld with ""Made For Each Other,"" an officially licensed fine art print by Mike Bell. This piece captures the electric connection between the Monster and his Bride—proof that there is a perfect match for everyone, even in the shadows. Rendered in Bell’s signature vibrant, lowbrow style, this artwork is a stunning tribute to classic horror romance. It is printed on heavy, semi-gloss 100lb cover stock that captures every detail of the stitches and sparks. Arriving professionally mounted in a sleek black composite frame, it makes the perfect anniversary gift for your own better half or a statement piece for a bedroom wall. Why It Belongs on Your Wall: The Original Power Couple: A tribute to the most iconic romance in horror history. Artist Series: Officially licensed artwork by Mike Bell, ensuring high-quality reproduction of the original vision. Gallery Presentation: The premium paper weight and professional framing give it a polished, high-end look. Ready to Hang: Comes fully assembled with hardware, so you can display your devotion immediately. The Details: Artwork Dimensions: 12"" x 18"" Finished Framed Size: 14"" x 20"" Frame Style: 1.25"" Wide Black Composite Origin: Proudly Made in the USA"
MLN-MNS-ART-PRN,"""Melancholy Monster"" – Framed Gothic Fine Art Print by Mike Bell",melancholy-monster-art-print,,Wall Art,$43.00 ,$25.80 ,USD,2,False,https://img1.wsimg.com/isteam/ip/021f10ea-1ee0-4cd6-9752-37761b8edd13/ols/Melancholy%20Monster%20Art%20-%20Art%20Print_img1.webp;https://img1.wsimg.com/isteam/ip/021f10ea-1ee0-4cd6-9752-37761b8edd13/ols/Melancholy%20Monster%20Art%20-%20Art%20Print_img3.webp;https://img1.wsimg.com/isteam/ip/021f10ea-1ee0-4cd6-9752-37761b8edd13/ols/Melancholy%20Monster%20Art%20-%20Art%20Print_img5.webp;https://img1.wsimg.com/isteam/ip/021f10ea-1ee0-4cd6-9752-37761b8edd13/ols/Melancholy%20Monster%20Art%20-%20Art%20Print_img2.webp,"Beauty in the Broken. Capture the soulful, misunderstood nature of the world’s most iconic creature with ""Melancholy Monster."" This officially licensed fine art print by Mike Bell moves beyond the horror to find the humanity within the beast. Rendered in Bell’s signature lowbrow-gothic style, this piece is a tribute to those who feel a little different, a little strange, and deeply feeling. Printed on heavy, gallery-grade 100lb semi-gloss cover stock, the colors are rich and durable. It arrives professionally mounted in a sleek black composite frame, ready to hang immediately in your parlor, laboratory, or bedroom. Why It Belongs on Your Wall: The Outsider Icon: A perfect piece for anyone who identifies with the ""strange and unusual."" Artist Series: Officially licensed artwork by Mike Bell, ensuring you are supporting the original artist. Premium Presentation: The heavy paper stock and professional framing elevate this from a simple poster to a piece of decor art. Instant Gratification: Arrives fully framed with hardware installed—no assembly required. The Details: Artwork Dimensions: 12"" x 18"" Finished Framed Size: 14"" x 20"" Frame Style: 1.25"" Wide Black Composite Origin: Proudly Made in the USA"
NDY-LV-ART-PRN,"""Undying Love"" – Framed Gothic Fine Art Print by Mike Bell",undying-love-art-print,,Wall Art,$43.00 ,$25.80 ,USD,2,False,https://img1.wsimg.com/isteam/ip/021f10ea-1ee0-4cd6-9752-37761b8edd13/ols/Undying%20Love_img1.webp;https://img1.wsimg.com/isteam/ip/021f10ea-1ee0-4cd6-9752-37761b8edd13/ols/Undying%20Love_img2.webp;https://img1.wsimg.com/isteam/ip/021f10ea-1ee0-4cd6-9752-37761b8edd13/ols/Undying%20Love_img3.webp;https://img1.wsimg.com/isteam/ip/021f10ea-1ee0-4cd6-9752-37761b8edd13/ols/Made%20for%20Each%20Other%20-%20Art%20Print_img5-879f8f6.webp,"A Romance That Transcends the Grave. Celebrate a devotion that lasts longer than a lifetime with ""Undying Love,"" an exclusive art print by renowned artist Mike Bell. This piece captures the essence of gothic romance—proof that true love never truly expires. Unlike standard posters, this is a gallery-quality piece. The artwork is reproduced on heavy, semi-gloss 100lb cover stock, ensuring the deep blacks and rich colors remain vibrant. It arrives professionally mounted in a sleek, 1.25-inch black composite frame, ready to hang the moment it crosses your threshold. Perfect for the bedroom, the living room, or as a wedding gift for the couple who loves the darker side of life. Why It Belongs on Your Wall: Artist Series: Officially licensed artwork by Mike Bell, supporting the creator behind the vision. Gallery Quality: Printed on thick, premium 100lb semi-gloss paper that feels substantial and looks expensive. Ready to Hang: No need to hunt for a frame; it arrives fully framed with hardware installed. Made in the USA: Both the print and the frame are proudly crafted in the United States. The Details: Artwork Dimensions: 12"" x 18"" Finished Framed Size: 14"" x 20"" Frame Style: 1.25"" Wide Black Composite Material: 100lb Semi-Gloss Cover Stock"
CLM-CRY-CND-WTH,The Amethyst Spire – Calming Ritual Candle with Hidden Crystal,calming-crystal-candle-with-rough-amethyst,,Candles & Scent,$15.00 ,$9.00 ,USD,2,False,https://img1.wsimg.com/isteam/ip/021f10ea-1ee0-4cd6-9752-37761b8edd13/ols/Calming%20Purple_img1.jpeg;https://img1.wsimg.com/isteam/ip/021f10ea-1ee0-4cd6-9752-37761b8edd13/ols/Calming%20Purple_img6.jpeg;https://img1.wsimg.com/isteam/ip/021f10ea-1ee0-4cd6-9752-37761b8edd13/ols/Calming%20Purple_img3.jpeg;https://img1.wsimg.com/isteam/ip/021f10ea-1ee0-4cd6-9752-37761b8edd13/ols/Calming%20Purple_img2.jpeg;https://img1.wsimg.com/isteam/ip/021f10ea-1ee0-4cd6-9752-37761b8edd13/ols/Calming%20Purple_img4.jpeg;https://img1.wsimg.com/isteam/ip/021f10ea-1ee0-4cd6-9752-37761b8edd13/ols/Calming%20Purple_img5.jpeg,"Ignite the Peace Within. Silence the noise of the outside world with The Amethyst Spire . Shaped like a raw quartz point and cast in a deep, mystical purple, this candle is a physical anchor for rituals of tranquility and intuition. As the unscented violet wax melts away over 30 hours, it slowly unveils a rough Amethyst crystal buried at the base. Amethyst is the stone of the Third Eye, celebrated for its ability to soothe anxiety, promote restful sleep, and heighten psychic awareness. Burn it during meditation or before bed to set a tone of serenity, then keep the unearthed stone as a permanent reminder of your inner calm. Why It Belongs on Your Altar: Magic in Motion: Watch the candle transform from a wax tower into a lasting crystal artifact. Third Eye Activation: The purple hue and Amethyst stone align perfectly with intuition and dream work. A Gift of Serenity: The perfect offering for the stressed witch or the dreamer in your life. Pure & Clean: Unscented wax allows you to focus on your intent without distraction. The Details: Shape: Purple Crystal Point Hidden Stone: Rough Amethyst Burn Time: Approx. 30 Hours Material: Unscented Paraffin Wax Dimensions: Approx. 5.5"" Tall"
GTH-HLL-BLC-SPD,The Weaver’s Teacup – Thorny Handle Ceramic Mug,gothic-halloween-black-spider-teacup,,Drinkware,$12.00 ,$7.20 ,USD,4,False,https://img1.wsimg.com/isteam/ip/021f10ea-1ee0-4cd6-9752-37761b8edd13/ols/Halloween%20Spider%20teacup_img1.jpeg;https://img1.wsimg.com/isteam/ip/021f10ea-1ee0-4cd6-9752-37761b8edd13/ols/Halloween%20Spider%20teacup_img5.jpeg;https://img1.wsimg.com/isteam/ip/021f10ea-1ee0-4cd6-9752-37761b8edd13/ols/Halloween%20Spider%20Teacup_img3.webp;https://img1.wsimg.com/isteam/ip/021f10ea-1ee0-4cd6-9752-37761b8edd13/ols/Halloween%20Spider%20Teacup_img2.webp;https://img1.wsimg.com/isteam/ip/021f10ea-1ee0-4cd6-9752-37761b8edd13/ols/Halloween%20Spider%20Teacup_img4.webp;https://img1.wsimg.com/isteam/ip/021f10ea-1ee0-4cd6-9752-37761b8edd13/ols/Halloween%20Spider%20teacup_img6.jpeg,"Sip Your Venom in Style. Embrace the elegance of the arachnid with The Weaver’s Teacup . This isn't your grandmother's fine China—unless your grandmother was a hedge witch. Cast in midnight-black ceramic, this vessel features a handle sculpted to resemble a twisted, thorny vine, reminding you that beauty often has a bite. A delicate spider accent creeps along the side, keeping watch over your morning brew or evening elixir. With a generous 400ml capacity, it holds enough tea (or coffee) to keep you weaving your webs all day long. Why It Belongs in Your Cupboard: Tactile Design: The sculpted ""thorny"" handle offers a unique grip that feels satisfyingly dangerous. The Weaver's Symbol: The spider represents creativity, patience, and destiny—perfect energy for your morning routine. Dark Elegance: A stunning addition to any gothic tea party, book club, or solo ritual. Generous Size: Holds 400ml (approx. 13.5 oz), bridging the gap between a dainty teacup and a substantial mug. The Details: Capacity: 400ml Material: Black Glazed Ceramic Care: Hand Wash Only (To protect the delicate handle and print). Do not microwave."
GTH-STR-BAT-WNG,The Midnight Striped Bat Wing Teacup – Gothic Statement Mug (490ml),gothic-striped-bat-wing-halloween-teacup,,Drinkware,$14.00 ,$8.40 ,USD,4,False,https://img1.wsimg.com/isteam/ip/021f10ea-1ee0-4cd6-9752-37761b8edd13/ols/Gothic%20Striped%20Bat%20Wing%20Halloween%20Teacup%20Model.png;https://img1.wsimg.com/isteam/ip/021f10ea-1ee0-4cd6-9752-37761b8edd13/ols/Gothic%20Striped%20Bat%20Wing%20Halloween%20Teacup%20Hand.png;https://img1.wsimg.com/isteam/ip/021f10ea-1ee0-4cd6-9752-37761b8edd13/ols/Striped%20Bat%20Wing%20Halloweeen%20teacup_img1.webp;https://img1.wsimg.com/isteam/ip/021f10ea-1ee0-4cd6-9752-37761b8edd13/ols/Gothic%20Striped%20Bat%20Wing%20Halloween%20Teacup%20on%20cl.png,"Sip in gothic style with the Midnight Striped Bat Wing Teacup , a 490ml ceramic statement piece perfect for your dark aesthetic home decor. Elevate Your Daily Ritual. Turn your morning brew or evening tea into a moment of dark elegance. The Midnight Striped Bat Wing Teacup is more than a vessel; it is a centerpiece for your sanctuary. Designed for those who find beauty in the eerie, this teacup features timeless monochrome stripes reminiscent of classic Burton-Esque aesthetics. The sculptured handle, shaped like a spread bat wing, offers a comfortable grip while adding a dramatic silhouette to your coffee table or altar. Whether you are curling up with a grim novel or hosting a midnight gathering, this oversized cup holds a generous 490ml—perfect for those who prefer their tea deep and their conversations long. Why It Belong in Your Lair: Sculpted for Style: The unique bat-wing handle is ergonomically designed and undeniably photogenic—guaranteed to send your socials into a spin. Generous Capacity: At 490ml (approx. 16.5 oz), it’s larger than a standard cup, ideal for heavy coffee drinkers or herbal tea infusions. Timeless Aesthetic: The high-contrast black and white stripes fit perfectly into any Gothic, Dark Academia, or Witchy home décor theme. The Details: Material: High-quality glazed ceramic. Capacity: 490ml. Care Rituals: To preserve the life of the bat wing and glaze, this item is Hand Wash Only . Not suitable for microwave use. Part of our curated Gothic Kitchen collection. Make every sip a statement."
PRT-CRY-CND-WTH,The Obsidian Tower – Protection Ritual Candle with Hidden Crystal,protection-crystal-candle-with-rough-black-obsidian,,Dining & Serveware,$15.00 ,$9.00 ,USD,4,False,https://img1.wsimg.com/isteam/ip/021f10ea-1ee0-4cd6-9752-37761b8edd13/ols/Protection%20Crystal%20Candle%20with%20Rough%20-cab8152.webp;https://img1.wsimg.com/isteam/ip/021f10ea-1ee0-4cd6-9752-37761b8edd13/ols/Protection%20Crystal%20Candle%20with%20Rough%20Black%20Ob.webp;https://img1.wsimg.com/isteam/ip/021f10ea-1ee0-4cd6-9752-37761b8edd13/ols/Protection%20Crystal%20Candle%20with%20Rough%20Black%20Ob.webp;https://img1.wsimg.com/isteam/ip/021f10ea-1ee0-4cd6-9752-37761b8edd13/ols/Protection%20Crystal%20Candle%20with%20Rough%20Black%20Ob.webp;https://img1.wsimg.com/isteam/ip/021f10ea-1ee0-4cd6-9752-37761b8edd13/ols/Protection%20Crystal%20Candle%20with%20Rough%20Black%20Ob.webp;https://img1.wsimg.com/isteam/ip/021f10ea-1ee0-4cd6-9752-37761b8edd13/ols/Protection%20Crystal%20Candle%20with%20Rough%20Black%20Ob.webp,"Burn the Wax, Reveal the Stone. Fortify your sacred space with The Obsidian Tower , a candle designed for banishing negativity and reclaiming your power. Molded into the shape of a jagged black crystal point, this candle serves as a striking altar piece even before it is lit. As the unscented black wax melts away over 30 hours, it slowly reveals a rough Black Obsidian stone hidden at the base. Obsidian is revered in the craft as a powerful psychic shield, known for absorbing negative energies and cutting through illusions. Once the flame has extinguished, you are left with a charged crystal talisman to keep as a guardian of your peace. Why It Belong on Your Altar: Two-in-One Magic: A ritual candle that transforms into a permanent crystal keepsake. Symbol of Strength: The tower shape represents stability and grounding, while the black color absorbs unwanted vibes. Ritual Focus: Use the burn time to meditate on boundaries and protection as the stone is unearthed. Unscented: Perfect for those sensitive to fragrance or for layering with your own ritual oils. The Details: Shape: Black Crystal Point Hidden Stone: Rough Black Obsidian Burn Time: Approx. 30 Hours Material: Unscented Paraffin Wax Dimensions: Approx. 5.5"" Tall"
SET-OF-3-BLC,"The Shadow Stripe Taper Trio – Gothic ""Creepmas"" Candles",set-of-3-black-candy-cane-stripe-creepmas-taper-candles,,Candles & Scent,$12.00 ,$7.20 ,USD,3,False,https://img1.wsimg.com/isteam/ip/021f10ea-1ee0-4cd6-9752-37761b8edd13/ols/Set%20of%203%20Black%20Candy%20Cane%20Stripe%20Creepmas%20Tap.webp;https://img1.wsimg.com/isteam/ip/021f10ea-1ee0-4cd6-9752-37761b8edd13/ols/Set%20of%203%20Black%20Candy%20Cane%20Stripe%20Cree-9f2f380.webp;https://img1.wsimg.com/isteam/ip/021f10ea-1ee0-4cd6-9752-37761b8edd13/ols/Set%20of%203%20Black%20Candy%20Cane%20Stripe%20Cree-e729a76.webp,"A Twisted Take on Tradition. Why dream of a white Christmas when you can have a dark one? The Shadow Stripe Taper Trio reimagines the classic candy cane aesthetic for those who prefer their holidays haunted. Featuring bold, spiraling black stripes against a clean white wax base, these unscented tapers evoke the whimsical, eerie style of a Tim Burton film. They are the perfect centerpiece for a ""Creepmas"" feast, a Nightmare Before Christmas viewing party, or simply adding a touch of graphic edge to your year-round decor. Why They Belong on Your Holiday Table: Alternative Festive: The perfect antidote to traditional red and green decor. Graphic Statement: The high-contrast black and white spiral design draws the eye and adds height to any display. Versatile Decor: While perfect for the holidays, their striped design fits seamlessly into any Beetlejuice-inspired or monochrome gothic theme year-round. Clean Burn: Unscented paraffin wax ensures they won't clash with the aroma of your holiday feast. The Details: Set Includes: 3 Taper Candles Burn Time: Approx. 5 Hours Each Material: Unscented Paraffin Wax Style: Candy Cane Spiral / Gothic Circus"
SET-OF-3-STR,The Starry Night Taper Trio – Celestial Wax Candles,set-of-3-starry-night-celestial-taper-candles,,Dining & Serveware,$12.00 ,$7.20 ,USD,2,False,https://img1.wsimg.com/isteam/ip/021f10ea-1ee0-4cd6-9752-37761b8edd13/ols/Dark%20blue%20celestial%20taper%20candles%20with%20gold%20co.png;https://img1.wsimg.com/isteam/ip/021f10ea-1ee0-4cd6-9752-37761b8edd13/ols/Set%20of%203%20Starry%20Night%20Celestial%20Taper-80fb567.webp;https://img1.wsimg.com/isteam/ip/021f10ea-1ee0-4cd6-9752-37761b8edd13/ols/Set%20of%203%20Starry%20Night%20Celestial%20Taper%20Candles.webp;https://img1.wsimg.com/isteam/ip/021f10ea-1ee0-4cd6-9752-37761b8edd13/ols/Set%20of%203%20Starry%20Night%20Celestial%20Taper%20Candles.webp;https://img1.wsimg.com/isteam/ip/021f10ea-1ee0-4cd6-9752-37761b8edd13/ols/Set%20of%203%20Starry%20Night%20Celestial%20Taper%20Candles.webp,"Light the Cosmos. Bring the magic of a clear midnight sky to your altar or dining table with The Starry Night Taper Trio . These deep navy candles are illustrated with a constellation of golden stars, shooting comets, and celestial bodies, creating a mesmerizing display even before they are lit. Whether used for a moon ritual, a tarot reading, or simply to add an enchanting glow to a dinner party, these unscented tapers burn cleanly for approximately 5 hours, casting a warm light on the heavens painted upon them. Why They Belong in Your Sanctuary: Celestial Art: Each candle is a miniature work of art, featuring intricate gold and silver foil details against a midnight blue background. Ritual Ready: Unscented wax makes them perfect for spellwork where you want to add your own oils or herbs without clashing scents. Gift of the Stars: Packaged in a beautiful matching window box with a yellow bow, ready to be gifted to the stargazer in your life. The Details: Set Includes: 3 Taper Candles Burn Time: Approx. 5 Hours Each Material: Paraffin Wax (Unscented) Dimensions: Standard Taper Size (Fits most holders)"
BLC-WD-BRD-SML,The Midnight Plank – Small Black Wood Ritual & Serving Board,black-wood-board-small,,Candles & Scent,$34.00 ,$20.40 ,USD,4,False,https://img1.wsimg.com/isteam/ip/1d844c65-5bb5-4df4-9d7f-7c6f6d7d8f89/file-4ab3f0e.png,"A Foundation for Feasts and Spells. Simple, stark, and beautifully functional, The Midnight Plank is a versatile essential for the dark aesthetic home. Crafted from solid wood and finished in a deep, matte charcoal black, it provides a striking contrast for whatever you place upon it. Use it as a personal charcuterie board for a solo feast of cheese and dark chocolate, or repurpose it as a portable altar tile for arranging crystals, tarot cards, and candles. The squared handle adds a modern geometric touch, making it easy to carry from kitchen to coffee table to sacred space. Why It Belongs in Your Home: The Perfect Contrast: Food, crystals, and jewelry pop vividly against the matte black wood grain. Compact & Portable: Sized for intimate gatherings or small altar setups. Modern Design: The square handle and clean lines fit seamlessly into both minimalist and maximalist gothic decor. Multi-Use: Safe for dry food serving, perfect for display. The Details: Material: Solid Wood with Matte Black Finish Size: Small (Ideal for 1-2 person serving or altar base) Care: Wipe clean with a damp cloth. Do not soak."
MTT-BLC-CHS-KNV,The Midnight Feast – Matte Black Cheese Knife Set,matte-black-cheese-knives-book-box,,Dining & Serveware,$29.00 ,$17.40 ,USD,4,False,https://img1.wsimg.com/isteam/ip/021f10ea-1ee0-4cd6-9752-37761b8edd13/ols/Cheese%20knives%2C%20charcuterie%20board%2C%20and%20-6b66cd9.png;https://img1.wsimg.com/isteam/ip/021f10ea-1ee0-4cd6-9752-37761b8edd13/ols/Matte%20Black%20Cheese%20Knives%20Book%20Box_img4.webp;https://img1.wsimg.com/isteam/ip/021f10ea-1ee0-4cd6-9752-37761b8edd13/ols/Matte%20Black%20Cheese%20Knives%20Book%20Box_img2.webp;https://img1.wsimg.com/isteam/ip/021f10ea-1ee0-4cd6-9752-37761b8edd13/ols/Matte%20Black%20Cheese%20Knives%20Book%20Box_img1.webp,"Sleek enough for a modern home. Dark enough for yours. Elevate your entertaining ritual with The Midnight Feast Knife Set . Forget traditional silverware; this trio is dipped in a deep, matte black finish that absorbs the light, creating a striking contrast against white brie, yellow cheddar, or dark fruits. Packaged in a clever, book-style box that opens to reveal the tools inside, it feels less like kitchenware and more like a hidden volume from a secret library. It makes an exceptional gift for the host who has everything—or the perfect addition to your own gothic charcuterie board. Why They Belong on Your Table: Stealth Aesthetic: The all-black, matte finish is modern, sophisticated, and undeniably cool. The ""Secret Book"" Box: The packaging is part of the experience—store them on a bookshelf or display the box as art. Complete Set: Includes a pronged knife for soft cheeses, a chisel knife for crumbly cheeses, and a heart knife for spreading and cutting. Durable Design: Crafted from stainless steel for a sharp edge and long-lasting finish. The Details: Set Includes: 3 Cheese Knives (Fork-Tipped, Chisel, Heart/Spreader) Material: Stainless Steel with Matte Black Finish Care: Hand Wash Only to preserve the matte coating."
WHT-SG-SMD-STC,The Foundation Ritual – Classic White Sage Cleansing Bundle,white-sage-smudge-sticks,,Wall Art,$6.00 ,$3.60 ,USD,9,False,https://img1.wsimg.com/isteam/ip/021f10ea-1ee0-4cd6-9752-37761b8edd13/ols/White%20Sage%20Smudge%20Sticks_img1.webp;https://img1.wsimg.com/isteam/ip/021f10ea-1ee0-4cd6-9752-37761b8edd13/ols/White%20Sage%20Smudge%20Sticks_img4.webp;https://img1.wsimg.com/isteam/ip/021f10ea-1ee0-4cd6-9752-37761b8edd13/ols/White%20Sage%20Smudge%20Sticks_img2.webp;https://img1.wsimg.com/isteam/ip/021f10ea-1ee0-4cd6-9752-37761b8edd13/ols/Sage_vid2.png;https://img1.wsimg.com/isteam/ip/021f10ea-1ee0-4cd6-9752-37761b8edd13/ols/Gemini_Generated_Image_zihcdrzihcdrzihcBurning.png,"The Original Purifier. When in doubt, return to the source. The Foundation Ritual Bundle is the essential tool for any spiritual practice—pure, unadulterated White Sage ( Salvia apiana ). Known for generations as the ultimate energetic ""reset button,"" burning white sage clears away the heaviest negativity, banishes stagnant vibes, and creates a neutral, sacred space for you to build upon. It is the blank canvas of magic. Ethically & Sustainably Harvested: We honor the earth that provides for us. Our sage is responsibly grown on a small family farm in Southern California, ensuring that the plant population is sustained and the harvest is performed with respect and intention. Why It Belongs on Your Altar: The ""Master Key"": The most versatile tool for cleansing crystals, tarot decks, new homes, or your own aura. Potent Purification: The distinct, earthy smoke is known for binding to negative energy and carrying it away. Sustainable Sourcing: You can cleanse your space with a clear conscience, knowing this sage was not poached from the wild. Ritual Ready: Includes a Cleansing Guide Card , making it perfect for beginners or as a thoughtful gift for a housewarming. The Details: Size: Approx. 4.25"" Long x 1.5"" Wide Ingredients: 100% California White Sage Includes: 1 Smudge Stick + Ritual Guide Card"
WHT-SG-W-CLY,The Clarity Ritual – White Sage & Eucalyptus Cleansing Bundle,white-sage-w-eucalyptus-smudge-sticks,,Drinkware,$6.00 ,$3.60 ,USD,10,False,https://img1.wsimg.com/isteam/ip/021f10ea-1ee0-4cd6-9752-37761b8edd13/ols/Burning%20white%20sage%20and%20dried%20lavender%20cleansin.png;https://img1.wsimg.com/isteam/ip/021f10ea-1ee0-4cd6-9752-37761b8edd13/ols/White%20Sage%20w%20Eucalyptus%20Smudge%20Sticks_img4.webp;https://img1.wsimg.com/isteam/ip/021f10ea-1ee0-4cd6-9752-37761b8edd13/ols/White%20Sage%20w%20Eucalyptus%20Smudge%20Sticks_img3.webp;https://img1.wsimg.com/isteam/ip/021f10ea-1ee0-4cd6-9752-37761b8edd13/ols/White%20Sage%20w%20Eucalyptus%20Smudge%20Sticks_img5.webp,"Breathe New Life Into Your Space. When the air feels heavy and your mind feels clouded, reach for The Clarity Ritual Bundle . This handcrafted smudge stick intertwines the sacred purifying power of White Sage with the sharp, refreshing energy of Eucalyptus. While Sage clears away negative vibrations, Eucalyptus acts as a spiritual decongestant. Its cool, camphorous smoke is traditionally used to promote healing, protection, and mental focus. It is the perfect tool for banishing exhaustion, breaking through creative blocks, or cleansing a space after illness. Ethically & Sustainably Gathered: Magic requires respect. Our White Sage ( Salvia apiana ) is responsibly grown and sustainably harvested on a small family farm in Southern California, ensuring the land is honored in every step of the process. Why It Belongs on Your Altar: The ""Deep Clean"": Perfect for when a space feels physically or spiritually ""stuffy."" Magical Properties: Eucalyptus is associated with healing, protection, and uncovering the truth. Invigorating Scent: Leaves a fresh, crisp, herbal fragrance that lingers beautifully. Beginner Friendly: Includes a Cleansing Guide Card to walk you through the ritual of smoke cleansing. The Details: Size: Approx. 4.25"" Long x 1.5"" Wide Ingredients: California White Sage, Eucalyptus Leaves Includes: 1 Smudge Stick + Ritual Guide Card"
WHT-SG-WTH-DRD,The Serenity Ritual – White Sage & Lavender Cleansing Bundle,white-sage-with-dried-lavender-smudge-sticks,,Dining & Serveware,$6.00 ,$3.60 ,USD,10,False,https://img1.wsimg.com/isteam/ip/021f10ea-1ee0-4cd6-9752-37761b8edd13/ols/Burning%20white%20sage%20and%20dried%20lavender%20cleansin.png;https://img1.wsimg.com/isteam/ip/021f10ea-1ee0-4cd6-9752-37761b8edd13/ols/White%20Sage%20with%20Dried%20Lavender%20Smudge%20Sticks_.webp;https://img1.wsimg.com/isteam/ip/021f10ea-1ee0-4cd6-9752-37761b8edd13/ols/White%20Sage%20with%20Dried%20Lavender%20Smudge-93cfc79.webp,"Clear the Shadows, Invite the Calm. Reset the energy of your sanctuary with The Serenity Ritual Bundle . This hand-wrapped smudge stick marries the powerful, purifying properties of White Sage with the soothing, tranquil vibrations of dried Lavender. When burned, the smoke creates a perfect balance: the sharp, earthy scent of the sage banishes negativity and stagnant energy, while the soft, floral notes of lavender invite peace, relaxation, and restful sleep. It is the ideal tool for cleansing a new home, preparing for meditation, or simply clearing the air after a long, heavy week. Ethically & Sustainably Gathered: We believe that a cleansing ritual should start with a clean conscience. Our White Sage ( Salvia apiana ) is responsibly grown and sustainably harvested on a small family farm in Southern California, ensuring the plant population is preserved and respected. Why It Belongs on Your Altar: Dual Action: Purifies the space (Sage) while calming the spirit (Lavender). Sustainable Sourcing: Ethically harvested to respect the earth and the tradition. Handcrafted Beauty: Each bundle is hand-picked, air-dried, and visually stunning—beautiful enough to display even when not in use. Beginner Friendly: Includes a Cleansing Guide Card to help you perform your ritual with confidence and intention. The Details: Size: Approx. 4.25"" Long x 1.5"" Wide Ingredients: California White Sage, Dried Lavender Includes: 1 Smudge Stick + Ritual Guide Card"
SKL-BK-NDS-GTH,The Catacomb Scholar – Aged Skull Bookend Set,skull-book-ends-gothic-lifesize-human,,Decor Objects,$35.00 ,$21.00 ,USD,3,False,"https://img1.wsimg.com/isteam/ip/021f10ea-1ee0-4cd6-9752-37761b8edd13/ols/Skull%20bookends.png/:/rs=w:600,h:600;https://img1.wsimg.com/isteam/ip/021f10ea-1ee0-4cd6-9752-37761b8edd13/ols/Skull%20Book%20Ends%20Gothic%20Lifesize%20Human_img1.webp/:/rs=w:600,h:600;https://img1.wsimg.com/isteam/ip/021f10ea-1ee0-4cd6-9752-37761b8edd13/ols/Skull%20Book%20Ends%20Gothic%20Lifesize%20Human_img4.webp/:/rs=w:600,h:600;https://img1.wsimg.com/isteam/ip/021f10ea-1ee0-4cd6-9752-37761b8edd13/ols/Skull%20Book%20Ends%20Gothic%20Lifesize%20Human_img5.webp/:/rs=w:600,h:600;https://img1.wsimg.com/isteam/ip/021f10ea-1ee0-4cd6-9752-37761b8edd13/ols/Skull%20Book%20Ends%20Gothic%20Lifesize%20Human_img2.webp/:/rs=w:600,h:600;https://img1.wsimg.com/isteam/ip/021f10ea-1ee0-4cd6-9752-37761b8edd13/ols/Skull%20Book%20Ends%20Gothic%20Lifesize%20Human_img8.webp/:/rs=w:600,h:600;https://img1.wsimg.com/isteam/ip/021f10ea-1ee0-4cd6-9752-37761b8edd13/ols/Skull%20Book%20Ends%20Gothic%20Lifesize%20Human_img7.webp/:/rs=w:600,h:600;https://img1.wsimg.com/isteam/ip/021f10ea-1ee0-4cd6-9752-37761b8edd13/ols/Skull%20Book%20Ends%20Gothic%20Lifesize%20Human_img6.webp/:/rs=w:600,h:600;https://img1.wsimg.com/isteam/ip/021f10ea-1ee0-4cd6-9752-37761b8edd13/ols/Skull%20Book%20Ends%20Gothic%20Lifesize%20Human_img3.webp/:/rs=w:600,h:600","Guardians of Your Forbidden Knowledge. Keep your most treasured grimoires, leather-bound classics, and dark tales in order with The Catacomb Scholar Bookend Set . Crafted with an incredibly realistic, weathered bone finish, these twin skulls hold a silent vigil on your shelf. Their deep eye sockets and aged texture make them look like artifacts unearthed from a forgotten crypt. Heavy and substantial, they are designed to hold even your most formidable volumes securely in place. Why They Belong on Your Bookshelf: Realistic Aging: The detailed finish gives them an authentic, ancient look that plastic decorations can't replicate. Heavy & Functional: Weighted to prevent slipping, they are as practical as they are striking. Macabre Elegance: A sophisticated way to add a gothic touch to a home office, library, or bedside table. The Perfect Gift: An ideal present for the bibliophile with a taste for the darker side of literature. The Details: Set Includes: 2 Skull Bookends (Left and Right) Material: Heavyweight Sculpted Resin Finish: Aged Bone"
VNS-VNS-RBB-CHM,The Sepia & Smoke Ribbed Coupe Set – Vintage Glassware Collection,venus-ribbed-champagne-coupe-set-7oz-set-of-6,,Drinkware,$55.00 ,$33.00 ,USD,1,False,https://img1.wsimg.com/isteam/ip/021f10ea-1ee0-4cd6-9752-37761b8edd13/ols/assets_task_01k5qn0yhhfmg8631a2nrvwrr-fc924ae.webp;https://img1.wsimg.com/isteam/ip/021f10ea-1ee0-4cd6-9752-37761b8edd13/ols/Venus%20Ribbed%20Champagne%20Coupe%20Set%207oz%20-99b7f79.webp;https://img1.wsimg.com/isteam/ip/021f10ea-1ee0-4cd6-9752-37761b8edd13/ols/Venus%20Ribbed%20Champagne%20Coupe%20Set%207oz%20%20Set%20of%20.webp;https://img1.wsimg.com/isteam/ip/021f10ea-1ee0-4cd6-9752-37761b8edd13/ols/Venus%20Ribbed%20Champagne%20Coupe%20Set%207oz%20%20Set%20of%20.webp;https://img1.wsimg.com/isteam/ip/021f10ea-1ee0-4cd6-9752-37761b8edd13/ols/Venus%20Ribbed%20Champagne%20Coupe%20Set%207oz%20-f1a271c.webp;https://img1.wsimg.com/isteam/ip/021f10ea-1ee0-4cd6-9752-37761b8edd13/ols/assets_task_01k5qn0yhhfmg8631a2nrvwrr-5bd55ed.webp,"A Toast to the Old World. Transport your evening rituals back to the age of speakeasies and candlelight with the Sepia & Smoke Ribbed Coupe Set . This stunning collection of six glasses moves beyond clear glass, offering a moody spectrum of vintage hues—from pale smoke and soft taupe to deep, rich amber. The classic coupe shape, popularized in the 1920s, features a delicate ribbed texture that catches the light and adds a tactile elegance to every sip. While designed for Champagne, they are the perfect vessel for a dark espresso martini, a smoky bourbon cocktail, or a potent elixir. Why They Belong on Your Bar Cart: Vintage Aesthetic: The ribbed glass and sepia-toned gradient evoke the feeling of antique French glassware found in a hidden manor. The Art of Contrast: The warm, smoky tones look incredible against a dark tablecloth or black marble counter. Perfect Capacity: At 7oz, they hold the ideal pour for craft cocktails without the risk of spills. Unique Set: No two sips look exactly alike; the gradient colors allow guests to identify their glass by its unique shade of shadow. The Details: Set Includes: 6 Ribbed Coupe Glasses Capacity: 7 oz each Color: Assorted gradient of Smoke, Amber, and Mocha Material: High-quality tinted glass"
LRG-SET-OF-3,The Gilded North Star Trio – Alchemical Wall Decor,large-set-of-3-metallic-gold-cast-iron-starburst-wall-decor,,Decor Objects,$38.00 ,$22.80 ,USD,3,False,https://img1.wsimg.com/isteam/ip/021f10ea-1ee0-4cd6-9752-37761b8edd13/ols/Large%20Set%20of%203%20Metallic%20Gold%20Cast%20Iro-af409bc.webp;https://img1.wsimg.com/isteam/ip/021f10ea-1ee0-4cd6-9752-37761b8edd13/ols/Black%20and%20Gold%20Stars%20on%20patterned%20background%20-.png;https://img1.wsimg.com/isteam/ip/021f10ea-1ee0-4cd6-9752-37761b8edd13/ols/Large%20Set%20of%203%20Metallic%20Gold%20Cast%20Iro-cf52c0c.webp;https://img1.wsimg.com/isteam/ip/021f10ea-1ee0-4cd6-9752-37761b8edd13/ols/Large%20Set%20of%203%20Metallic%20Gold%20Cast%20Iro-92380b9.webp;https://img1.wsimg.com/isteam/ip/021f10ea-1ee0-4cd6-9752-37761b8edd13/ols/Large%20Set%20of%203%20Metallic%20Gold%20Cast%20Iro-f21b2b0.webp,"Illuminate the Darkness. Bring the warmth of the cosmos into your home with The Gilded North Star Trio . Crafted from heavy cast iron and finished in an antiqued metallic gold, these eight-pointed stars act as a beacon of light against dark walls. In the world of the arcane, the eight-pointed star represents balance, the planet Venus, and the cardinal directions. These pieces channel that ancient energy with a luxurious twist. The weathered gold finish evokes the feeling of an alchemist’s workshop or a rediscovered treasure from a sunken ship. Why They Belong on Your Wall: The Alchemist's Touch: The metallic gold finish contrasts stunningly against black, charcoal, or emerald green walls (a staple of the gothic home). Heavy Cast Iron: These aren't flimsy plastic; they have the weight and texture of authentic ironwork. Celestial Styling: Hang them in an ascending line to represent rising energy, or cluster them above a mirror for a halo effect. The Details: Set Includes: 3 Stars (Large, Medium, Small) Dimensions: Large: 12"" H x 8.75"" W Medium: 8.75"" H x 7"" W Small: 6.75"" H x 5.75"" W Material: Cast Iron with Antiqued Gold Finish Mounting: Built-in hangers for easy installation. Accent to vintage, beach, or nautical-themed rooms."
SET-OF-3-LRG,The Obsidian Compass Stars – Cast Iron Wall Trio,set-of-3-large-black-cast-iron-starburst-wall-hangings,,Decor Objects,$38.00 ,$22.80 ,USD,3,False,https://img1.wsimg.com/isteam/ip/021f10ea-1ee0-4cd6-9752-37761b8edd13/ols/SETOFT~1.PNG;https://img1.wsimg.com/isteam/ip/021f10ea-1ee0-4cd6-9752-37761b8edd13/ols/Set%20of%20three%20black%20cast%20iron%20eight-pointed%20sta.png;https://img1.wsimg.com/isteam/ip/021f10ea-1ee0-4cd6-9752-37761b8edd13/ols/Black%20and%20Gold%20Stars%20on%20real%20wall%20set%20up%20-%20BES.png;https://img1.wsimg.com/isteam/ip/021f10ea-1ee0-4cd6-9752-37761b8edd13/ols/Set%20of%203%20Large%20Black%20Cast%20Iron%20Starbu-90be3e8.webp;https://img1.wsimg.com/isteam/ip/021f10ea-1ee0-4cd6-9752-37761b8edd13/ols/Set%20of%203%20Large%20Black%20Cast%20Iron%20Starbu-4cfef16.webp;https://img1.wsimg.com/isteam/ip/021f10ea-1ee0-4cd6-9752-37761b8edd13/ols/Set%20of%203%20Large%20Black%20Cast%20Iron%20Starbu-3c9f923.webp;https://img1.wsimg.com/isteam/ip/021f10ea-1ee0-4cd6-9752-37761b8edd13/ols/Set%20of%203%20Large%20Black%20Cast%20Iron%20Starbu-3642eda.webp,"Navigate by the Shadows. Add a touch of celestial protection to your home with The Iron North Star Trio . Crafted from heavy cast iron and finished in a rustic matte black, these eight-pointed stars evoke the ancient symbolism of the chaos star, the compass rose, and the guiding light of the North Star. Unlike flimsy modern decor, these pieces have the weight and texture of old-world ironwork. They are perfect for hanging above a doorway for protection, arranging above an altar, or creating a celestial focal point on a gallery wall. Why They Belong on Your Wall: Ancient Symbolism: The 8-pointed star is a timeless symbol of balance, protection, and cosmic order. Heavy Cast Iron: Real metal construction gives them a premium, authentic feel and durability for indoor or outdoor use. Versatile Display: The set includes three graduated sizes, allowing you to arrange them in a constellation that fits your space perfectly. The Details: Set Includes: 3 Stars (Large, Medium, Small) Dimensions: Large: 12"" H x 8.75"" W Medium: 8.75"" H x 7"" W Small: 6.75"" H x 5.75"" W Material: Cast Iron with Black Enamel Finish Mounting: Built-in hangers for easy installation."
TWO-TR-RND-SLT,The Obsidian Tier – Slate Stone & Chrome Display Stand,two-tier-round-slate-stone-and-metal-serving-tray,,Dining & Serveware,$30.00 ,$18.00 ,USD,3,False,https://img1.wsimg.com/isteam/ip/021f10ea-1ee0-4cd6-9752-37761b8edd13/ols/Two-tier%20slate%20and%20chrome%20serving%20stand%20displa.png;https://img1.wsimg.com/isteam/ip/021f10ea-1ee0-4cd6-9752-37761b8edd13/ols/Two-tier%20round%20natural%20slate%20and%20chrome%20displa.png,"Serve Your Guests in Stone. Elevate your gatherings—or your altar—with The Obsidian Tier . Crafted from rough-hewn natural slate stone, this two-tiered stand brings the raw beauty of the earth into your home. Far from the typical ""country kitchen"" decor, the dark, charcoal-grey slate provides a dramatic, moody backdrop for whatever you choose to display. The polished chrome spine adds a touch of modern alchemy, striking a perfect balance between industrial edge and gothic elegance. How to Use It in a Gothic Home: The Midnight Tea: Perfect for displaying dark chocolates, blackberries, and pastries during a gathering. The Crystal Altar: Use it to organize your crystal collection, separating stones by intention on each tier. The Vanity: A stunning way to display perfume bottles, jewelry, and potions on your dresser. The Details: Dimensions: 11.75"" Diameter x 9.25"" Height Material: Natural Dark Slate Stone, Polished Chrome Assembly: Minimal assembly required (no tools needed)."
CRS-VLV-4-PC,The Crushed Velvet Sanctuary Comforter Set – 4-Piece Gothic Bedding,crushed-velvet-4-piece-comforter-set,,Candles & Scent,$150.00 ,$90.00 ,USD,0,False,https://img1.wsimg.com/isteam/ip/021f10ea-1ee0-4cd6-9752-37761b8edd13/ols/Black%20crushed%20velvet%20comforter%20set%20with%20a%20diam.png;https://img1.wsimg.com/isteam/ip/021f10ea-1ee0-4cd6-9752-37761b8edd13/assets_task_01k5qkw05we3m8rxkx4at80pw8_175850.webp;https://img1.wsimg.com/isteam/ip/021f10ea-1ee0-4cd6-9752-37761b8edd13/ols/Crushed%20Velvet%204-Piece%20Comforter%20or%20D-c9a788e.webp;https://img1.wsimg.com/isteam/ip/021f10ea-1ee0-4cd6-9752-37761b8edd13/ols/Victorian%20Rose%20pink%20crushed%20velvet%204-piece%20com.png,"Wrap Yourself in Shadows and Softness. Create a bedroom fit for royalty with The Crushed Velvet Sanctuary Set . While standard bedding simply covers a mattress, this set drapes your bed in rich, multidimensional texture that catches the candlelight and instantly warms the room. The ""crushed"" velvet technique creates a lustrous, shifting surface that looks different from every angle—shimmering in the light and deepening in the shadows. Paired with a diamond-quilted top, it offers a heavy, luxurious look without the heavy weight. Choose Your Aesthetic: 🖤 Midnight Black: For the ultimate dark sanctuary. Absorbs the light and sets a mood of deep mystery. 🥀 Victorian Rose (Blush): A dusty, romantic pink that evokes the feeling of a haunted boudoir or a vintage romance novel. Why It Belongs in Your Lair: Sensory Experience: The texture is incredibly soft to the touch, providing immediate comfort. Warmth Without Weight: Filled with hypoallergenic down-alternative that provides exceptional warmth while remaining breathable. The Complete Look: This 4-piece set includes the comforter, two matching shams, and a decorative accent pillow for instant styling. Effortless Care: The crushed texture naturally hides wrinkles, keeping your bed looking perfectly unmade or made. The Details: Set Includes: 1 Comforter (with filling), 2 Pillow Shams, 1 Decorative Pillow. Material: 100% Polyester Crushed Velvet Face / Microfiber Reverse. Care: Machine washable for easy maintenance."
CRS-VLV-4-PC-FLL-QN-BLC,The Crushed Velvet Sanctuary Comforter Set – 4-Piece Gothic Bedding,crushed-velvet-4-piece-comforter-set,Full/Queen;Black,Home Decor (Other),$150.00 ,$90.00 ,USD,2,False,,
CRS-VLV-4-PC-FLL-QN-BLS,The Crushed Velvet Sanctuary Comforter Set – 4-Piece Gothic Bedding,crushed-velvet-4-piece-comforter-set,Full/Queen;Victorian Rose (Blush),Home Decor (Other),$150.00 ,$90.00 ,USD,2,False,,
CRS-VLV-4-PC-KNG-CAL-BLC,The Crushed Velvet Sanctuary Comforter Set – 4-Piece Gothic Bedding,crushed-velvet-4-piece-comforter-set,King/Cal King;Black,Home Decor (Other),$175.00 ,$105.00 ,USD,1,False,,
CRS-VLV-4-PC-KNG-CAL-BLS,The Crushed Velvet Sanctuary Comforter Set – 4-Piece Gothic Bedding,crushed-velvet-4-piece-comforter-set,King/Cal King;Victorian Rose (Blush),Home Decor (Other),$175.00 ,$105.00 ,USD,2,False,,
LXR-STN-6-PC,Midnight Black Satin 6-Piece Sheet Set – The Nocturnal Sanctuary Collection,luxury-satin-6-piece-sheet-set,,Textiles,$75.00 ,$45.00 ,USD,0,False,https://img1.wsimg.com/isteam/ip/021f10ea-1ee0-4cd6-9752-37761b8edd13/ols/Luxurious%20black%20satin%206-piece%20sheet%20set%20styled.png;https://img1.wsimg.com/isteam/ip/021f10ea-1ee0-4cd6-9752-37761b8edd13/ols/Satin%20Sheets.png;https://img1.wsimg.com/isteam/ip/021f10ea-1ee0-4cd6-9752-37761b8edd13/ols/Satin%20Sheets%202.png;https://img1.wsimg.com/isteam/ip/021f10ea-1ee0-4cd6-9752-37761b8edd13/ols/Unmade%20bed%20featuring%20luxurious%20black%20satin%20she.png,"Slip into the Shadows. Transform your bedroom into a sanctuary of darkness and indulgence with The Nocturnal Satin Sheet Set . There is nothing quite like the feeling of sliding into cool, liquid-black satin at the end of a long night. Unlike standard cotton that grips and pulls, our premium satin glides effortlessy against your skin and hair. It minimizes friction, reduces frizz, and prevents sleep lines, making it the ultimate beauty secret for the creature of the night. This expanded 6-piece set includes two additional pillowcases, allowing you to stack your pillows high for a truly lavish, hotel-quality look that beckons you to bed. Why You’ll Never Leave Your Lair: The Beauty Benefit: The silky, frictionless surface protects hair from breakage and skin from creasing while you sleep. Cool to the Touch: Breathable and temperature-regulating, perfect for those who seek a cool side of the pillow. Certified Safe: OEKO-TEX certified to be free of harmful substances, ensuring it is safe for even the most sensitive skin. Effortless Care: Durable, wrinkle-free, and fade-resistant. They come out of the wash ready to drape perfectly. The Details: Set Includes: 1 Flat Sheet, 1 Fitted Sheet, 4 Pillowcases Fit: Deep pockets fit mattresses up to 16 inches deep. Material: 100% Premium Polyester Satin Care: Machine wash cold, tumble dry low. No ironing needed."
LXR-STN-6-PC-QN,Midnight Black Satin 6-Piece Sheet Set – The Nocturnal Sanctuary Collection,luxury-satin-6-piece-sheet-set,Queen,Home Decor (Other),$75.00 ,$45.00 ,USD,2,False,,
LXR-STN-6-PC-KNG,Midnight Black Satin 6-Piece Sheet Set – The Nocturnal Sanctuary Collection,luxury-satin-6-piece-sheet-set,King,Home Decor (Other),$90.00 ,$54.00 ,USD,2,False,,
BRS-AND-GLS-SP,The Gilded Claw-Foot Vanity Dish – Vintage Brass & Glass,brass-and-glass-soap-dish,,Drinkware,$22.00 ,$13.20 ,USD,2,False,https://img1.wsimg.com/isteam/ip/021f10ea-1ee0-4cd6-9752-37761b8edd13/ols/VINTAG~1.PNG,"A Vessel for Your Daily Rituals. Elevate the mundane to the magical with The Gilded Claw-Foot Vanity Dish . Inspired by the opulence of 19th-century English estates, this heavy glass vessel rests upon four ornate brass legs, raising your treasures off the surface and into the light. While designed to hold a fine bar of soap, its uses in a gothic home are endless. The deep glass basin, framed by an intricate brass gallery rail, is perfect for holding your daily jewelry, a bundle of sage, or a collection of charged crystals on your altar. Why It Belongs in Your Sanctuary: Victorian Detail: Features distinct brass claw-and-scroll feet and a decorative rim that feels authentically antique. Versatile Utility: Use it in the bath for soap, on the vanity for rings, or on a desk for business cards and keys. Elevated Design: The raised feet protect your surfaces and add a sense of grandeur to even small items. Timeless Materials: Crafted from thick glass and aged brass that will only look better with time. The Details: Material: Glass & Antiqued Brass Style: Victorian / Baroque Origin: Imported"
RCT-VNT-MRR,The Victorian Oracle – Brass & Beadwork Tabletop Mirror,rectangle-vanity-mirror,,Drinkware,$32.00 ,$19.20 ,USD,4,False,https://img1.wsimg.com/isteam/ip/021f10ea-1ee0-4cd6-9752-37761b8edd13/ols/Gothic%20tabletop%20vanity%20mirror%20on%20a%20dark%20carved.png;https://img1.wsimg.com/isteam/ip/021f10ea-1ee0-4cd6-9752-37761b8edd13/ols/Vintage-style%20rectangular%20tabletop%20mirror%20with.png;https://img1.wsimg.com/isteam/ip/021f10ea-1ee0-4cd6-9752-37761b8edd13/ols/Rectangle%20Vanity%20Mirror.webp,"Reflect on Your Darkest Desires. Transform your daily rituals into a moment of Victorian drama with The Victorian Oracle Mirror . This isn't just a looking glass; it's a portal to a bygone era of elegance and mystery. Inspired by the curiosities of a 19th-century London boudoir, this rectangular mirror features an aged brass wire stand that allows for the perfect tilt. The true magic, however, lies in the intricate border of emerald green and metallic beadwork that frames your reflection, catching the candlelight with a subtle, old-world glimmer. Perfect for your vanity, altar, or desk, it adds an instant touch of gothic sophistication to any space. Why It Belongs on Your Vanity: Authentic Vintage Feel: Aged brass and detailed beadwork give it the character of a true antique find. Adjustable Angle: The sturdy brass stand pivots, allowing you to find the perfect angle for applying makeup or adornments. Gothic Elegance: A subtle, sophisticated piece that complements a dark aesthetic without being overtly spooky. Versatile Size: Compact enough for a small desk but striking enough to be a centerpiece. The Details: Material: Glass, Aged Brass, Metal Beadwork Style: Victorian / Gothic revival Origin: Imported"
HRT-SHP-RSN-FLW,The Sacred Heart – Anatomical Resin Vase Collection,heart-shaped-resin-flower-vase,,Decor Objects,$25.00 ,$15.00 ,USD,0,False,https://img1.wsimg.com/isteam/ip/021f10ea-1ee0-4cd6-9752-37761b8edd13/ols/Deep%20red%20anatomical%20heart%20vase%20holding%20a%20bouqu.png;https://img1.wsimg.com/isteam/ip/021f10ea-1ee0-4cd6-9752-37761b8edd13/ols/MATTEB~1.PNG;https://img1.wsimg.com/isteam/ip/021f10ea-1ee0-4cd6-9752-37761b8edd13/ols/Metallic%20gold%20anatomical%20heart%20vase%20filled%20wit.png,"Beauty is in the Veins. Move beyond traditional crystal and embrace the dark romance of the Sacred Heart Vase . Anatomically inspired and artistically rendered, this resin vessel captures the intricate details of the human heart—ventricles, veins, and arteries—frozen in time. It is the perfect vessel for those who wear their heart on their sleeve, or in this case, display it on their mantle. Whether filled with dried dead roses, fresh black dahlias, or used to hold your paintbrushes and eyeliner, this piece transforms the ordinary into a statement of macabre elegance. Choose Your Ritual (3 Variants): 🖤 The Midnight Heart (Black): Matte and mysterious. Perfect for minimalist gothic homes and dark altars. 🩸 The Crimson Heart (Red): rich, glossy, and visceral. A symbol of undying passion and vitality. ✨ The Gilded Heart (Gold): Metallic and opulent. A luxurious addition to any curiosity cabinet or vanity. Why It Belongs in Your Sanctuary: Memento Mori Aesthetic: A beautiful reminder of life's fragility, perfect for fans of oddities and dark academia. Sculptural Detail: High-quality resin casting captures realistic textures, making it look like a piece of art even when empty. Versatile Decor: Sturdy enough to hold heavy bouquets, yet compact enough for bookshelves, desks, and vanities. The Details: Dimensions: 6.5"" (Height) x 4.5"" (Width) Material: Durable High-Quality Resin Care: Wipe clean with a soft cloth."
HRT-SHP-RSN-FLW-BLC,The Sacred Heart – Anatomical Resin Vase Collection,heart-shaped-resin-flower-vase,Black,Home Decor (Other),$25.00 ,$15.00 ,USD,2,False,,
HRT-SHP-RSN-FLW-RED,The Sacred Heart – Anatomical Resin Vase Collection,heart-shaped-resin-flower-vase,Red,Home Decor (Other),$25.00 ,$15.00 ,USD,2,False,,
HRT-SHP-RSN-FLW-GLD,The Sacred Heart – Anatomical Resin Vase Collection,heart-shaped-resin-flower-vase,Gold,Home Decor (Other),$25.00 ,$15.00 ,USD,2,False,,
YLN-24-RND-PHL,The Emerald Boudoir Ottoman – Vintage Velvet & Gold Fringe,yolanda-24-round-upholstered-accent-ottoman,,Dining & Serveware,$85.00 ,$51.00 ,USD,3,False,https://img1.wsimg.com/isteam/ip/021f10ea-1ee0-4cd6-9752-37761b8edd13/ols/Emerald%20green%20velvet%20round%20ottoman%20with%20gold%20f.png;https://img1.wsimg.com/isteam/ip/021f10ea-1ee0-4cd6-9752-37761b8edd13/ols/Emerald%20green%20velvet%20vanity%20ottoman%20with%20gold%20.png;https://img1.wsimg.com/isteam/ip/021f10ea-1ee0-4cd6-9752-37761b8edd13/ols/Autumon.png;https://img1.wsimg.com/isteam/ip/021f10ea-1ee0-4cd6-9752-37761b8edd13/ols/Yolanda%2024%20Round%20Upholstered%20Accent%20Ottoman.webp;https://img1.wsimg.com/isteam/ip/021f10ea-1ee0-4cd6-9752-37761b8edd13/ols/Yolanda%2024%20Round%20Upholstered%20Accent%20Ottoman%20S.webp,"A Seat Fit for a Queen of the Night. Drape your home in the luxury of the Old World with the Emerald Boudoir Ottoman . This piece is a masterclass in vintage glamour, blending the richness of deep emerald velvet with the drama of cascading gold bullion fringe. Designed to evoke the feeling of a 1920s speakeasy or a Victorian seance room, this accent seat features a plush, button-tufted top and gold rope trim that circles the waist like a corset. It is versatile enough to serve as a footrest for your favorite velvet armchair, a vanity seat for your morning rituals, or simply a stunning accent piece that demands attention. Why It Belongs in Your Lair: Opulent Texture: Soft, high-quality emerald green velvet that catches the light beautifully. Dramatic Detail: The thick gold fringe adds movement and vintage sophistication to any room. Versatile Function: Perfect as a vanity stool, extra seating for coven gatherings, or a footrest. Sturdy & Soft: Built with a solid wood frame for durability but cushioned for comfort. The Details: Dimensions: 24"" Diameter x 18"" Height Material: Velvet Upholstery, Gold Bullion Fringe Color: Emerald Green & Gold"
HLD-TR-RNM,The Gothic Legends Collection – Festive Icon Glass Ornaments,holiday-tree-ornaments,,Drinkware,$11.00 ,$6.60 ,USD,0,False,https://img1.wsimg.com/isteam/ip/021f10ea-1ee0-4cd6-9752-37761b8edd13/ols/Gothic%20holiday%20flat%20lay%20with%20Medusa%20ornament%20o.png;https://img1.wsimg.com/isteam/ip/021f10ea-1ee0-4cd6-9752-37761b8edd13/ols/Gothic%20literary%20holiday%20decor%20featuring%20Edgar%20.png;https://img1.wsimg.com/isteam/ip/021f10ea-1ee0-4cd6-9752-37761b8edd13/ols/Black%20glass%20Christmas%20ornament%20featuring%20Edgar.png;https://img1.wsimg.com/isteam/ip/021f10ea-1ee0-4cd6-9752-37761b8edd13/ols/Black%20glass%20Christmas%20ornament%20featuring%20Count.png;https://img1.wsimg.com/isteam/ip/021f10ea-1ee0-4cd6-9752-37761b8edd13/ols/Gothic%20holiday%20flat%20lay%20with%20Dracula%20ornament%20.png;https://img1.wsimg.com/isteam/ip/021f10ea-1ee0-4cd6-9752-37761b8edd13/ols/Black%20glass%20Christmas%20ornament%20featuring%20the%20H.png;https://img1.wsimg.com/isteam/ip/021f10ea-1ee0-4cd6-9752-37761b8edd13/ols/Gothic%20holiday%20flat%20lay%20with%20Headless%20Horseman.png;https://img1.wsimg.com/isteam/ip/021f10ea-1ee0-4cd6-9752-37761b8edd13/ols/Black%20glass%20Christmas%20ornament%20featuring%20Medus.png,"Deck the Halls with Darkness. Celebrate a ""Gothmas"" like no other with our exclusive Gothic Legends Collection . This series of hand-blown glass ornaments pays tribute to the icons of horror, literature, and mythology—each with a delightfully festive twist. Every ornament in this collection features a striking, high-contrast monochrome portrait set against a deep black glass sphere. The only splash of color is the jaunty red Santa hat, a perfect, ironic touch for the dark at heart. Choose Your Legend: The Vampire Count (Dracula): For those who prefer their holidays with a bite. The Gorgon (Medusa): A stony gaze to keep the holiday chaos at bay. The Horseman (Sleepy Hollow): A headless herald of the season, complete with a festive pumpkin. The Poet (Edgar Allan Poe): For a holiday season filled with literary melancholy. Why They Belong on Your Tree: Instant Conversation Starter: The perfect blend of spooky and festive that guests will love. Cohesive Aesthetic: Mix and match different icons to create a unified, high-end gothic theme. Heirloom Quality: Hand-blown using traditional European techniques for a substantial, premium feel. Gift-Ready: Each piece arrives in a premium horror-themed gift box, making gift-giving effortless. The Details: Size: Approximately 3 inches (Diameter) Material: Hand-blown Glass with Metal Cap & Ribbon Origin: Ships from the USA"
HLD-TR-RNM-DGR-LLN,The Gothic Legends Collection – Festive Icon Glass Ornaments,holiday-tree-ornaments,Edgar Allen Poe,Drinkware,$11.00 ,$6.60 ,USD,2,False,,
HLD-TR-RNM-DRC-SPK,The Gothic Legends Collection – Festive Icon Glass Ornaments,holiday-tree-ornaments,Dracula Spooky,Drinkware,$11.00 ,$6.60 ,USD,3,False,,
HLD-TR-RNM-HDL-HRS,The Gothic Legends Collection – Festive Icon Glass Ornaments,holiday-tree-ornaments,Headless Horsemen,Drinkware,$11.00 ,$6.60 ,USD,3,False,,
HLD-TR-RNM-MDS,The Gothic Legends Collection – Festive Icon Glass Ornaments,holiday-tree-ornaments,Medussa,Drinkware,$11.00 ,$6.60 ,USD,3,False,,
HLL-SKL-BLC-AND,The Monochrome Macabre – 40-Piece Gothic Ornament & Garland Set,halloween-skeleton-black-and-white-ornaments,,Drinkware,$45.00 ,$27.00 ,USD,2,False,https://img1.wsimg.com/isteam/ip/021f10ea-1ee0-4cd6-9752-37761b8edd13/ols/Black%20gothic%20tabletop%20Christmas%20tree%20decorated.png;https://img1.wsimg.com/isteam/ip/021f10ea-1ee0-4cd6-9752-37761b8edd13/ols/Close-up%20of%20white%20skull%2C%20black%20bat%2C%20and%20stripe.png;https://img1.wsimg.com/isteam/ip/021f10ea-1ee0-4cd6-9752-37761b8edd13/ols/Halloween%20Skeleton%20Black%20and%20White%20Ornament%20S.webp;https://img1.wsimg.com/isteam/ip/021f10ea-1ee0-4cd6-9752-37761b8edd13/ols/Halloween%20Skeleton%20Black%20and%20White%20Or-bfa9add.webp;https://img1.wsimg.com/isteam/ip/021f10ea-1ee0-4cd6-9752-37761b8edd13/ols/Halloween%20Skeleton%20Black%20and%20White%20Or-0b1352e.webp,"Your Complete Gothmas Ritual in a Box. Transform your tree into a monument of dark elegance with The Monochrome Macabre Collection . This curated 40-piece set eliminates the guesswork of holiday styling, providing everything you need to create a stunning black-and-white gothic theme. From grinning skulls and colony bats to Tim Burton-Esque striped baubles and witchy boots, every piece in this collection is designed to coordinate perfectly. We’ve even included a black beaded garland and tinsel to complete the look. Unlike delicate glass pieces, this collection is crafted from durable, shatterproof material , making it the perfect choice for households with mischievous cats or little ghouls. Why You Need This Set: Instant Aesthetic: No need to hunt for matching pieces; this set offers a cohesive dark theme instantly. Shatterproof Design: All 40 pieces are made from durable material—looks like glass, bounces like plastic. Pet-safe and stress-free. Versatile Decor: Perfect for a full-sized tree, a tabletop black tree, or for crafting DIY gothic wreaths. What lies within the box (40 Pieces): 💀 The Icons: 2 Large Skulls, 4 Witch Boots, 3 Bats. 🕷️ The Baubles: A mix of 19 themed balls (Striped, Skeleton Dance, Skull Face, and Bat prints). ⚫ The Accents: 12 solid matte/glitter/glossy mini bulbs to fill the gaps. ⛓️ The Finish: 1 Black Beaded Garland & 1 Black Tinsel Garland."
CRP-NUN-GLS-RNM,The Unholy Sister – Gothic Horror Nun Glass Ornament,creepy-nun-glass-ornament,,Drinkware,$15.00 ,$9.00 ,USD,1,False,https://img1.wsimg.com/isteam/ip/021f10ea-1ee0-4cd6-9752-37761b8edd13/ols/Scary%20glass%20nun%20ornament%20with%20yellow%20eyes%20and%20.png;https://img1.wsimg.com/isteam/ip/021f10ea-1ee0-4cd6-9752-37761b8edd13/ols/Gothic%20flat%20lay%20featuring%20the%20creepy%20glass%20nun.png,"Pray She Doesn't Look Back. Summon a chill to your holiday décor with The Unholy Sister . A tribute to classic supernatural horror, this glass ornament captures the terrifying visage of a possessed nun, frozen in a silent scream. Don't let the beauty of the glass fool you. With piercing yellow eyes, a gaping mouth, and a habit lined in silver glitter, she brings a perfect touch of blasphemous beauty to your tree. A black textured cross hangs around her neck—though it offers no protection here. Hand-blown using Old World European traditions, this piece blends the elegance of fine glass art with the nightmare fuel of modern horror. It is the ultimate statement piece for horror collectors and those who prefer their holidays haunted. Why She Belongs in Your Collection: Pure Horror Aesthetic: Captures the shocking details of supernatural horror icons. Exquisite Craftsmanship: Hand-blown glass with hand-painted details, proving that nightmares can be beautiful. Standout Size: At nearly 5 inches tall, she commands attention on any branch. Gift-Ready: Arrives in a vintage-themed gift box, perfect for the horror movie fanatic in your coven. The Details: Dimensions: 4.84"" (H) x 3.50"" (L) x 2.09"" (W) Material: Glass, glitter, fabric cord Origin: Ships from the USA"
FRN-GLS-RNM,Frankenstein's Holiday – Glass & Glitter Gothic Ornament,frankenstein-glass-ornament,,Drinkware,$15.00 ,$9.00 ,USD,2,False,https://img1.wsimg.com/isteam/ip/021f10ea-1ee0-4cd6-9752-37761b8edd13/ols/Gothic%20holiday%20flat%20lay%20on%20black%20velvet%20featur.png;https://img1.wsimg.com/isteam/ip/021f10ea-1ee0-4cd6-9752-37761b8edd13/ols/Studio%20close-up%20of%20green%20glass%20Frankenstein%20bu.png;https://img1.wsimg.com/isteam/ip/021f10ea-1ee0-4cd6-9752-37761b8edd13/ols/Frankenstein%20monster%20glass%20ornament%20with%20Santa.png,"It's Alive... with Holiday Spirit. Bring a touch of classic horror to your yuletide celebrations with our Frankenstein’s Holiday Glass Ornament . This isn't your average bauble; it's a statement piece for those who celebrate a darker kind of Christmas. This handmade glass bust captures the iconic monster in a festive red and white Santa hat. His signature metallic green skin is contrasted by a sharp black blazer with sparkling glitter lapels, ensuring he catches the light from every angle on your tree. Whether you're building a complete ""Gothmas"" theme or just want one standout piece of alternative decor, Frankenstein is ready to join the party. Why It Belongs on Your Tree: Gothic Holiday Essential: The perfect blend of spooky and festive for alternative decor lovers. Stunning Details: Features a metallic glass finish, real neck bolts, and a glitter-dusted jacket. Handmade Quality: Crafted from glass for a premium feel that lasts year after year. Versatile Display: Looks incredible on a traditional tree, a black tinsel tree, or hanging from a garland on your mantle. The Details: Material: Glass, glitter, fabric hat Hanging Method: Gold string loop included Care: Handle with care and store in a cool, dry place."
WCK-WTC-CRS-MN,The Midnight Flight – Hand-Blown Glass Witch Ornament,wicked-witch-crescent-moon-glass-ornament,,Drinkware,$15.00 ,$9.00 ,USD,2,False,https://img1.wsimg.com/isteam/ip/021f10ea-1ee0-4cd6-9752-37761b8edd13/ols/Glass%20ornament%20of%20a%20witch%20flying%20on%20a%20broomsti.png;https://img1.wsimg.com/isteam/ip/021f10ea-1ee0-4cd6-9752-37761b8edd13/ols/Gothic%20flat%20lay%20featuring%20the%20witch%20and%20moon%20g.png;https://img1.wsimg.com/isteam/ip/021f10ea-1ee0-4cd6-9752-37761b8edd13/ols/Close-up%20studio%20photograph%20of%20hand-blown%20glass.png,"A Timeless Symbol of Magic. Celebrate the season of shadows with the Midnight Flight Witch Ornament , an exquisite piece of holiday décor that honors the old ways. This isn't just a decoration; it’s a nod to the folklore of the past. Hand-blown and crafted using centuries-old techniques from the heart of Europe (Germany, Poland, and the Czech Republic), this glass ornament captures the iconic silhouette of a witch soaring past a crescent moon. With her emerald skin and flowing robes, she adds a touch of wicked elegance to your Yule tree or year-round altar. Each piece arrives in a vintage-themed gift box, making it a perfect offering for the witch in your life. Why It Belongs on Your Tree: Old World Craftsmanship: Hand-blown glass with intricate hand-painted details, ensuring no two are exactly alike. Gothic Holiday Aesthetic: The perfect balance of festive sparkle and dark folklore. Collector’s Quality: A fragile, heirloom-quality piece designed to be cherished for years. Gift-Ready: Arrives in a sophisticated vintage-style box, ready for gifting. The Details: Dimensions: 4.5"" (H) x 3.3"" (L) x 1.8"" (W) Material: Traditional Blown Glass Origin: Ships from the USA"
XN-CHR-AND-DRK,Charmed and Dark Signature Gothic Tee | Unisex Alternative Graphic Shirt,xn-charmed-and-dark-gothic-t-shirt-alternative-fashion-graphic-tee-for-dark-style-occult-aesthetics-h437d,,Home Decor (Other),$19.99 ,$16.79 ,USD,0,False,https://img1.wsimg.com/isteam/ip/021f10ea-1ee0-4cd6-9752-37761b8edd13/ols/Blonde%20male%20model%20in%20unisex%20t-shirt.png;https://img1.wsimg.com/isteam/ip/021f10ea-1ee0-4cd6-9752-37761b8edd13/ols/blonde%20female%20wearing%20unisex%20t-shirt.png;https://img1.wsimg.com/isteam/ip/021f10ea-1ee0-4cd6-9752-37761b8edd13/ols/Dark%20haired%20fremale%20model%20wearing%20the%20unisex%20t.png,"Step into the shadows with the Charmed and Dark Signature Tee — where luxury meets gothic edge. Designed for those who live unapologetically in the dark, this premium cotton t-shirt blends comfort, versatility, and striking design. Featuring our exclusive Charmed and Dark emblem in ornate gothic typography, this shirt is more than clothing — it’s a statement piece. Perfect for pairing with jeans, layering under leather, or styling with skirts and boots, this tee is made for everyday wear with a bold alternative twist. Whether you’re headed to a concert, a night out, or simply living the gothic lifestyle, the Charmed and Dark tee delivers the perfect balance of mystery and sophistication. Key Features: 🖤 Premium-quality cotton for comfort and durability 🖤 Exclusive Charmed and Dark gothic crest design 🖤 Unisex fit, available in multiple sizes 🖤 Perfect for alternative fashion, gothic streetwear, and occult-inspired looks 🖤 Easy to style — dress it up or down Why You’ll Love It: This isn’t just a t-shirt — it’s a symbol of dark luxury . With its bold gothic logo and versatile cut, it seamlessly transitions from casual wear to statement outfit. Join the Charmed and Dark movement and wear your shadows with pride."
XN-CHR-AND-DRK-SML,Charmed and Dark Signature Gothic Tee | Unisex Alternative Graphic Shirt,xn-charmed-and-dark-gothic-t-shirt-alternative-fashion-graphic-tee-for-dark-style-occult-aesthetics-h437d,Small,Home Decor (Other),$19.99 ,$16.79 ,USD,10,False,,
XN-CHR-AND-DRK-MDM,Charmed and Dark Signature Gothic Tee | Unisex Alternative Graphic Shirt,xn-charmed-and-dark-gothic-t-shirt-alternative-fashion-graphic-tee-for-dark-style-occult-aesthetics-h437d,Medium,Home Decor (Other),$19.99 ,$16.79 ,USD,10,False,,
XN-CHR-AND-DRK-LRG,Charmed and Dark Signature Gothic Tee | Unisex Alternative Graphic Shirt,xn-charmed-and-dark-gothic-t-shirt-alternative-fashion-graphic-tee-for-dark-style-occult-aesthetics-h437d,Large,Home Decor (Other),$19.99 ,$16.79 ,USD,10,False,,
XN-CHR-AND-DRK-X-LRG,Charmed and Dark Signature Gothic Tee | Unisex Alternative Graphic Shirt,xn-charmed-and-dark-gothic-t-shirt-alternative-fashion-graphic-tee-for-dark-style-occult-aesthetics-h437d,X-Large,Home Decor (Other),$19.99 ,$16.79 ,USD,8,False,,
XN-CHR-AND-DRK-XX-LRG,Charmed and Dark Signature Gothic Tee | Unisex Alternative Graphic Shirt,xn-charmed-and-dark-gothic-t-shirt-alternative-fashion-graphic-tee-for-dark-style-occult-aesthetics-h437d,XX-Large,Home Decor (Other),$19.99 ,$16.79 ,USD,2,False,,
XN-CHR-AND-DRK1,Charmed and Dark Gothic Graphic Tee – Women’s Alternative Fashion Top,xn-charmed-and-dark-womens-gothic-crop-top-alternative-fashion-dark-style-tee-2r51cxm,,Home Decor (Other),$15.99 ,$15.59 ,USD,0,False,https://img1.wsimg.com/isteam/ip/021f10ea-1ee0-4cd6-9752-37761b8edd13/ols/Blonde%20wearing%20the%20charmed%20and%20dark%20crop%20shirt.png;https://img1.wsimg.com/isteam/ip/021f10ea-1ee0-4cd6-9752-37761b8edd13/ols/Black%20hair%20female%20wearing%20cropped%20shirt.png,"Step boldly into your power. Crafted for those who thrive in the shadows but radiate confidence, the Charmed and Dark Crop Top is your new wardrobe staple. This exclusive piece combines gothic elegance with a modern, flattering cut—essential for any dark aesthetic collection. Featuring our iconic crest in ornate gothic lettering, this top is more than apparel; it’s a ritual of style. The soft, breathable cotton ensures all-day comfort, while the tailored cropped fit pairs perfectly with high-waisted jeans, maxi skirts, or under a leather jacket. Why It Belongs in Your Closet: The Perfect Cut: Tailored specifically for a flattering, modern cropped silhouette—not too short, not too long. Premium Feel: Made from soft, breathable cotton that feels luxurious against the skin. Signature Style: Features the official Charmed and Dark gothic crest design. Versatile: Ideal for layering or wearing solo for festivals, rituals, or everyday alternative streetwear. Fit & Sizing: This is a fitted crop top. If you prefer a looser, more relaxed fit, we recommend sizing up. Part of the Charmed and Dark Apparel Collection."
XN-CHR-AND-DRK1-X-SML,Charmed and Dark Gothic Graphic Tee – Women’s Alternative Fashion Top,xn-charmed-and-dark-womens-gothic-crop-top-alternative-fashion-dark-style-tee-2r51cxm,X-Small,Home Decor (Other),$15.99 ,$15.59 ,USD,5,False,,
XN-CHR-AND-DRK1-SML,Charmed and Dark Gothic Graphic Tee – Women’s Alternative Fashion Top,xn-charmed-and-dark-womens-gothic-crop-top-alternative-fashion-dark-style-tee-2r51cxm,Small,Home Decor (Other),$15.99 ,$15.59 ,USD,9,False,,
XN-CHR-AND-DRK1-MDM,Charmed and Dark Gothic Graphic Tee – Women’s Alternative Fashion Top,xn-charmed-and-dark-womens-gothic-crop-top-alternative-fashion-dark-style-tee-2r51cxm,Medium,Home Decor (Other),$15.99 ,$15.59 ,USD,8,False,,
XN-CHR-AND-DRK1-LRG,Charmed and Dark Gothic Graphic Tee – Women’s Alternative Fashion Top,xn-charmed-and-dark-womens-gothic-crop-top-alternative-fashion-dark-style-tee-2r51cxm,Large,Home Decor (Other),$15.99 ,$15.59 ,USD,8,False,,
XN-CHR-AND-DRK1-X-LRG,Charmed and Dark Gothic Graphic Tee – Women’s Alternative Fashion Top,xn-charmed-and-dark-womens-gothic-crop-top-alternative-fashion-dark-style-tee-2r51cxm,X-Large,Home Decor (Other),$15.99 ,$15.59 ,USD,8,False,,
XN-CHR-AND-DRK1-XX-LRG,Charmed and Dark Gothic Graphic Tee – Women’s Alternative Fashion Top,xn-charmed-and-dark-womens-gothic-crop-top-alternative-fashion-dark-style-tee-2r51cxm,XX-Large,Home Decor (Other),$15.99 ,$15.59 ,USD,2,False,,
MDN-WNG-DL-TPR,Midnight Wing Dual-Taper Candle Holder - Matte Black,midnight-wing-dual-taper-candle-holder-matte-black,,Dining & Serveware,$34.00 ,$20.40 ,USD,3,False,https://img1.wsimg.com/isteam/ip/021f10ea-1ee0-4cd6-9752-37761b8edd13/ols/A%20black%20metal%20bat-shaped%20candelabra%20holding%20tw.jpg;https://img1.wsimg.com/isteam/ip/021f10ea-1ee0-4cd6-9752-37761b8edd13/ols/Matte%20black%20bat%20candle%20holder%20featuring%20two%20li.jpg,"Cast a shadow of elegance over your space with this distinctive Bat Candle Holder. Standing over 14 inches tall, this matte black metal piece features a classic turned-column base that rises into a striking bat silhouette. The spread wings serve as holders for two standard taper candles, creating a perfect symmetry of light and shadow. Whether for a seasonal Halloween display or a year-round gothic home aesthetic, this weighted, free-standing holder adds a touch of dark sophistication to any mantel or table. Key Features: Dual Taper Design: Bat wings securely hold two standard taper candles (not included). Sturdy Build: Weighs 1.2 lbs (0.54 kg) with a stable base for safe, free-standing display. Matte Finish: Sleek, all-black metal construction coordinates easily with dark or minimalist décor. Statement Size: Measures 14.3"" H x 8.3"" W, making it a substantial centerpiece."
XN-THE-RVN-BRN,The Ravenwood Branch Candelabra – Dark Metal Triple Taper Holder with Birds,xn-the-ravenwood-branch-candelabra-dark-metal-triple-taper-holder-with-birds-w580c,,Drinkware,$49.00 ,$29.40 ,USD,4,False,https://img1.wsimg.com/isteam/ip/021f10ea-1ee0-4cd6-9752-37761b8edd13/ols/A%20dramatic%2C%20close-up%20shot%20focusing%20on%20the%20text.jpg;https://img1.wsimg.com/isteam/ip/021f10ea-1ee0-4cd6-9752-37761b8edd13/ols/The%20Ravenwood%20Branch%20Candelabra%20styled%20in%20a%20mo.jpg,"Bring the enchantment of a moonlit forest into your home with The Ravenwood Branch Candelabra . This striking piece is more than just a candle holder; it's a sculpture that tells a story. Forged from dark metal with a rugged, bark-like texture, the candelabra is shaped like a twisting tree branch that roots itself firmly on your table. Three small birds are perched among the textured leaves, keeping silent watch by the three candle cups. The finish is a deep, matte black with subtle antique bronze highlights that will catch the flickering light of your candles. This three-taper holder makes a magnificent centerpiece for a gothic dining feast, a mystical addition to your altar, or a dramatic accent for a mantelpiece. Pair it with black or deep forest green taper candles to complete the look. Key Features: Nature-Inspired Design: Sculpted tree branch form with detailed leaves and three perched birds. Dark & Textured Finish: Matte black metal with subtle antique bronze brushing for a rustic, aged look. Triple Capacity: Holds three standard taper candles (candles not included). Sturdy Base: The root-like base provides stability for free-standing display. Perfect For: Gothic, witchy, dark cottagecore, and nature-inspired home decor."
XN-THE-MRL-CLS,The Emerald Celestial Pillow – Velvet Moon & Star Embroidery,xn-the-emerald-celestial-pillow-velvet-moon-star-embroidery-o690b,,Candles & Scent,$48.00 ,$28.80 ,USD,2,False,https://img1.wsimg.com/isteam/ip/021f10ea-1ee0-4cd6-9752-37761b8edd13/ols/Styled%20on%20a%20dark%20surface%20to%20make%20the%20emerald%20a.jpg;https://img1.wsimg.com/isteam/ip/021f10ea-1ee0-4cd6-9752-37761b8edd13/ols/Emerald%20green%20velvet%20celestial%20pillow%20with%20gol.jpg,"Add a touch of cosmic luxury to your sacred space with The Emerald Celestial Pillow . Soft, tactile, and visually striking, this piece brings the magic of the night sky into your home. Crafted from lush emerald green velvet, the pillow features an intricate sunburst and crescent moon design embroidered in shimmering metallic gold thread. Scattered stars complete the celestial motif, catching the light and adding a subtle glow to your sofa, bed, or reading nook. Whether you are softening a leather armchair or adding texture to your bedding, this pillow offers both comfort and style. It arrives vacuum-sealed for protection and fluffs up to a perfect 16-inch square. Key Features: Luxe Material: Rich emerald green velvet (front and back) that is soft to the touch. Metallic Detail: High-quality gold thread embroidery featuring a crescent moon and sunburst. Functional Design: Includes a hidden zipper for easy cover removal and cleaning. Complete Set: Comes with a supportive polyester insert included. Size: 16"" x 16"" – the perfect accent size for chairs and sofas."
XN-THE-SHD-SPR,The Shadow Spire Trio – Matte Black 3-Piece Candlestick Set,xn-the-shadow-spire-trio-matte-black-3-piece-candlestick-set-jl30b,,Dining & Serveware,$58.00 ,$34.80 ,USD,2,False,https://img1.wsimg.com/isteam/ip/021f10ea-1ee0-4cd6-9752-37761b8edd13/ols/A%20dramatic%20scene%20showing%20the%20trio%20lit%20on%20a%20wit.jpg;https://img1.wsimg.com/isteam/ip/021f10ea-1ee0-4cd6-9752-37761b8edd13/ols/Set%20of%20three%20graduated%2C%20hand-forged%20matte%20blac.jpg,"Create a cathedral of shadows in your own home with The Shadow Spire Trio . This essential set includes three matte black candle holders of graduated heights, designed to bring depth and drama to your lighting display. Forged from durable metal with a sleek, light-absorbing matte finish, these holders feature a classic silhouette that complements any aesthetic—from minimal modern witch to Victorian gothic. The varying heights allow you to create a tiered ""altar effect"" on your dining table, mantle, or vanity. Sturdy and substantial, they are designed to hold standard taper candles securely. Pair them with black, blood red, or beeswax candles to set the mood for your next ritual or dinner party. Key Features: Complete Trio: Includes three holders of different heights (Max height: 12"") for a dynamic display. Matte Black Finish: deep, non-reflective finish for a true ""void"" aesthetic. Heavy-Duty Build: Weighs over 1.6 lbs collectively for stability. Classic Silhouette: Timeless design that fits year-round, not just for Halloween. Standard Fit: Designed for standard taper candles (candles not included)."
XN-THE-MDN-CFF,The Midnight Coffin Vanity Tray – Matte Black Trinket Dish,xn-the-midnight-coffin-vanity-tray-matte-black-trinket-dish-vz69a,,Dining & Serveware,$18.00 ,$10.80 ,USD,4,False,https://img1.wsimg.com/isteam/ip/021f10ea-1ee0-4cd6-9752-37761b8edd13/ols/Styled%20on%20an%20antique%20wooden%20dresser%20with%20silve.jpg;https://img1.wsimg.com/isteam/ip/021f10ea-1ee0-4cd6-9752-37761b8edd13/ols/Matte%20black%20wooden%20coffin%20tray%20styled%20as%20a%20wit.jpg,"Organize your most precious artifacts in a vessel worthy of their power. The Midnight Coffin Vanity Tray serves as a resting place for your daily essentials, blending macabre shape with practical design. Constructed from smooth, matte black MDF, this coffin-shaped tray features raised edges and convenient cutout handles. It is the perfect size for a bedside catch-all, a vanity organizer for your silver jewelry, or a compact altar tray for crystals and sage. Simple, sleek, and undeniably gothic, it adds a subtle edge to any surface in your crypt. Key Features: Iconic Silhouette: Distinctive coffin shape for a classic gothic aesthetic. Versatile Use: Perfect for jewelry, keys, crystals, or small candles. Practical Design: Features cutout handles and raised sides to keep items secure. Lightweight & Durable: Made from smooth black MDF wood. Compact Size: Ideal for vanities, nightstands, or coffee tables."
XN-THE-MDN-BLM,The Midnight Bloom Tealight Holder – Matte Black Resin Rose,xn-the-midnight-bloom-tealight-holder-matte-black-resin-rose-wl30b,,Drinkware,$12.00 ,$7.20 ,USD,7,False,https://img1.wsimg.com/isteam/ip/021f10ea-1ee0-4cd6-9752-37761b8edd13/ols/Matte%20black%20resin%20rose-shaped%20tealight%20holder%20.jpg;https://img1.wsimg.com/isteam/ip/021f10ea-1ee0-4cd6-9752-37761b8edd13/ols/Black%20resin%20rose%20tealight%20holder%20with%20a%20glowin.jpg,"Capture the allure of a romance that lasts forever with The Midnight Bloom Tealight Holder . Sculpted from durable resin, this holder captures the delicate, unfolding petals of a rose in full bloom, finished in a deep, matte black. It cradles a single standard tealight at its center, allowing the flame to illuminate the dark petals from within. Perfect for a Victorian gothic vanity, a romantic dinner setting, or as a symbolic offering on your altar, this flower never fades and never wilts. Place them in pairs to create a moody, floral shrine. Key Features: Intricate Detail: Realistic, sculpted rose petals in an open bloom design. Matte Black Finish: Smooth, dark surface that coordinates with any gothic decor. Standard Fit: Designed to hold one standard metal-cup tealight. Durable Material: Made of high-quality, heat-resistant polyresin. Compact Size: A subtle but striking accent for small spaces."
XN-THE-TWL-BLS,The Twilight Blush Ritual Candle – Black Rose & Cork,xn-the-twilight-blush-ritual-candle-black-rose-cork-8e75a,,Drinkware,$16.00 ,$9.60 ,USD,2,False,https://img1.wsimg.com/isteam/ip/021f10ea-1ee0-4cd6-9752-37761b8edd13/ols/Black%20glass%20scented%20candle%20with%20a%20natural%20cork.jpg;https://img1.wsimg.com/isteam/ip/021f10ea-1ee0-4cd6-9752-37761b8edd13/ols/Black%20glass%20scented%20candle%20with%20a%20cork%20lid%20fea.jpg,"Ignite the magic of the evening with The Twilight Blush Ritual Candle . Infused with the captivating scent of dark roses and twilight musk, this candle is designed to put you under its spell. Housed in a sleek black glass vessel, it features a natural cork lid printed with a mystical starburst rose design. The ""Twilight Blush"" fragrance offers an enchanting blend of darkness and allure—perfect for setting the mood during meditation, tarot readings, or a relaxing soak in the tub. Packaged in a matching gothic slide-box, it makes an effortless gift for the modern witch or a treat for your own altar. Key Features: Scent Profile: Twilight Blush (a mysterious, floral blend). Eco-Luxe Design: Reusable black glass jar with a printed natural cork lid. Gift-Ready: Comes in a matching illustrated slide-out box. Burn Time: Approximately 21 hours of illumination. Dimensions: 14.1 oz (400g) total weight."
XN-THE-RVN-WTC,The Raven’s Watch Pillar Stand – Gothic Candle Holder,xn-the-ravens-watch-pillar-stand-gothic-candle-holder-5e75aqi,,Dining & Serveware,$22.00 ,$13.20 ,USD,4,False,https://img1.wsimg.com/isteam/ip/021f10ea-1ee0-4cd6-9752-37761b8edd13/ols/Gothic%20raven%20pillar%20candle%20holder%20with%20a%20lit%20b.jpg;https://img1.wsimg.com/isteam/ip/021f10ea-1ee0-4cd6-9752-37761b8edd13/ols/Black%20textured%20resin%20pillar%20candle%20holder%20feat.jpg,"Invite the mystery of the macabre into your home with The Raven’s Watch Pillar Stand . This striking piece features a realistic black raven perched upon the base of a textured, cast-iron style column. Silent and observant, the bird stands guard beneath the flame of your favorite pillar candle. Crafted from high-quality resin with a matte black finish, it mimics the look of heavy antique metal without the weight. Perfect for a literary-themed library, a dedicated altar, or as a centerpiece for a ""dinner in the dark,"" this holder creates an atmosphere of timeless gothic romance. Key Features: Sculptural Detail: Features a realistic raven perched at the base. Textured Finish: Matte black resin designed to look like aged cast iron. Pillar Perfect: Wide top plate designed to securely hold standard pillar candles. Literary Vibe: A perfect homage to Edgar Allan Poe and classic gothic tales. Dimensions: Stands approx. 6-7 inches tall (perfect for mantels)."
XN-THE-GLM-GNG,The Gloomy Gingerbread – Spooky Gothic Creepmas Ornament,xn-the-gloomy-gingerbread-spooky-gothic-creepmas-ornament-qs38a,,Decor Objects,$12.00 ,$7.20 ,USD,4,False,https://img1.wsimg.com/isteam/ip/021f10ea-1ee0-4cd6-9752-37761b8edd13/ols/Black%20resin%20gingerbread%20man%20Christmas%20ornament.jpg;https://img1.wsimg.com/isteam/ip/021f10ea-1ee0-4cd6-9752-37761b8edd13/ols/Black%20resin%20'Ginger-dead'%20man%20ornament%20with%20a%20.jpg,"Who says Christmas has to be merry? Hang a little mischief on your tree with The Gloomy Gingerbread . This isn't your grandmother's cookie. This ""Ginger-dead"" man features a burnt-black finish, white ""X"" eyes, and a delightfully tragic sad face. Adorned with a bright red bow tie and traditional icing squiggles, he brings a perfect touch of dark humor to your holiday setup. He is the ideal stocking stuffer for the goth who loves Christmas (but only the spooky parts) or the perfect finishing touch for a black Christmas tree. Key Features: Creepmas Aesthetic: A dark twist on the classic gingerbread man. Detailed Design: Features ""X"" eyes, a sad frown, and a pop of red with a festive bow. Ready to Hang: Comes with a durable black ribbon loop. Durable Build: Made from lightweight but sturdy resin. Perfect Gift: A cheeky stocking stuffer or secret Santa gift for horror lovers."
XN-THE-WTC-HR,The Witching Hour Ritual Candle – White Sage Cleansing Blend,xn-the-witching-hour-ritual-candle-white-sage-cleansing-blend-r690b,,Drinkware,$16.00 ,$9.60 ,USD,2,False,https://img1.wsimg.com/isteam/ip/021f10ea-1ee0-4cd6-9752-37761b8edd13/ols/Black%20glass%20'Witching%20Hour'%20scented%20candle%20wit.jpg;https://img1.wsimg.com/isteam/ip/021f10ea-1ee0-4cd6-9752-37761b8edd13/ols/Witching%20Hour%20White%20Sage%20candle%20styled%20on%20a%20go.jpg,"Clear the energy and reset your sanctuary with The Witching Hour Ritual Candle . When the clock strikes twelve—or whenever you need a fresh start—light this candle to release the purifying aroma of white sage. Unlike the smoke of burning bundles, this candle offers a cleaner, softer way to banish negative vibes and invite clarity into your space. Housed in a reusable black glass vessel, it features a natural cork lid printed with a classic flying witch silhouette. Packaged in a matching gothic slide-box, it is an essential tool for your altar, a thoughtful housewarming gift, or a daily ritual for peace of mind. Key Features: Scent Profile: White Sage (herbal, fresh, and purifying). Ritual Ready: Perfect for cleansing a space without the heavy smoke of smudge sticks. Eco-Luxe Design: Black glass jar with a printed natural cork lid (Witch motif). Gift-Ready: Comes in a matching illustrated slide-out box. Burn Time: Approximately 21 hours."
XN-THE-BSD-TWS,The Obsidian Twist – Glossy Black Spiral Taper Candles (Pair),xn-the-obsidian-twist-glossy-black-spiral-taper-candles-pair-cs61b,,Dining & Serveware,$20.00 ,$12.00 ,USD,2,False,https://img1.wsimg.com/isteam/ip/021f10ea-1ee0-4cd6-9752-37761b8edd13/ols/Pair%20of%20glossy%20black%20spiral%20taper%20candles%20with.jpg,"Elevate your illumination with The Obsidian Twist Taper Set . These aren't just candles; they are sculptural art for your altar or dining table. Hand-dipped and carefully formed into a mesmerizing spiral shape, these 10-inch candles add texture, movement, and modern gothic elegance to any setting. The glossy black wax catches the light even when unlit, acting as a striking piece of decor. When lit, the flame dances down the curves of the spiral, creating a unique shadow play. Perfect for fitting into standard taper holders (like our Ravenwood or Shadow Spire sets), they are the ultimate finishing touch for a witchy dinner party or a sophisticated dark home. Key Features: Sculptural Design: Modern spiral/twisted shape adds artistic flair. High-Gloss Finish: Deep black wax that shines in the light. Standard Fit: 0.87"" base fits most standard taper candle holders. Impressive Height: 10"" (25.5cm) tall for dramatic verticality. Set of Two: Includes two matching handmade candles. Burn Time: 4+ hours of steady burn time."
XN-THE-SRP-S,The Serpent's Coil – Sculpted 3D Snake Taper Candles (Pair),xn-the-serpents-coil-sculpted-3d-snake-taper-candles-pair-gl30b,,Dining & Serveware,$24.00 ,$14.40 ,USD,0,False,https://img1.wsimg.com/isteam/ip/021f10ea-1ee0-4cd6-9752-37761b8edd13/ols/White%20candles%20with%20gold%20snakes%2C%20styled%20for%20lux.jpg;https://img1.wsimg.com/isteam/ip/021f10ea-1ee0-4cd6-9752-37761b8edd13/ols/Tall%20white%20taper%20candle%20featuring%20a%20sculpted%20b.jpg,"Invite the ancient symbol of wisdom and rebirth to your altar with The Serpent's Coil Taper Set . These aren't ordinary candles; they are miniature sculptures. Each tall white taper features a lifelike, 3D snake coiled tightly around the shaft, hand-painted with intricate scale details. When lit, the melting wax creates a dramatic interplay between the pristine candle and the winding serpent. Available in two distinct finishes to match your aesthetic: The Gilded Serpent: A white candle wrapped in a shimmering Gold Snake for a touch of opulence. The Shadow Serpent: A white candle wrapped in a matte Black Snake (with gold accents) for a darker, witchy vibe. Burn them during rituals of transformation or place them on your dining table to captivate your guests. Key Features: 3D Sculpted Design: Features a realistic snake wrapped around the wax. Two Style Options: Choose between Gold or Black snake finishes. Clean Burning: Smokeless wax for a pure, steady flame. Statement Size: 10"" (25cm) tall, perfect for standard taper holders. Set of Two: Each box contains two matching candles."
XN-THE-SRP-S-THE-GLD,The Serpent's Coil – Sculpted 3D Snake Taper Candles (Pair),xn-the-serpents-coil-sculpted-3d-snake-taper-candles-pair-gl30b,The Gilded Serpent: Gold,Candles & Scent,$24.00 ,$14.40 ,USD,2,False,,
XN-THE-SRP-S-THE-SHD,The Serpent's Coil – Sculpted 3D Snake Taper Candles (Pair),xn-the-serpents-coil-sculpted-3d-snake-taper-candles-pair-gl30b,The Shadow Serpent: Black,Candles & Scent,$24.00 ,$14.40 ,USD,2,False,,
XN-THE-CRM-FD,The Crimson Fade Spiral – Metallic Blood Ombre Tapers (4-Pack),xn-the-crimson-fade-spiral-metallic-blood-ombre-tapers-4-pack-fe32b,,Candles & Scent,$38.00 ,$22.80 ,USD,2,False,https://img1.wsimg.com/isteam/ip/021f10ea-1ee0-4cd6-9752-37761b8edd13/ols/Styled%20as%20a%20complete%20set%20on%20a%20dining%20table%20to%20.jpg;https://img1.wsimg.com/isteam/ip/021f10ea-1ee0-4cd6-9752-37761b8edd13/ols/Set%20of%20four%20lit%20spiral%20taper%20candles%20featuring.jpg,"Ignite a passion that burns from purity to desire with The Crimson Fade Spiral Tapers . This set of four handcrafted candles features a mesmerizing ombre design. Beginning with a ghost-white tip, the wax transitions seamlessly into a deep, metallic blood-red base. The twisted, spiral shape adds modern movement, while the high-gloss finish on the red section catches the candlelight with a liquid-like shine. Perfect for a vampire-themed dinner party, a romantic gothic evening, or rituals focused on love and vitality. These dripless, smokeless tapers burn cleanly, letting their colors tell the story. Key Features: Striking Ombre: Gradient design fades from matte white to metallic blood red. Sculptural Spiral: Twisted shape adds elegance and texture. Metallic Finish: The red base features a shimmering, glossy coating. Clean Burn: Smokeless and dripless for a mess-free experience. Set of Four: Includes four matching tapers, perfect for a full candelabra display. Dimensions: Approx. 7.5"" tall with a standard base fit."
XN-THE-BLD-MN,The Blood Moon Spiral – Solid Crimson Taper Set (4-Pack),xn-the-blood-moon-spiral-solid-crimson-taper-set-4-pack-ps38a,,Candles & Scent,$34.00 ,$20.40 ,USD,2,False,https://img1.wsimg.com/isteam/ip/021f10ea-1ee0-4cd6-9752-37761b8edd13/ols/Set%20of%20four%20solid%20crimson%20red%20spiral%20taper%20can.jpg;https://img1.wsimg.com/isteam/ip/021f10ea-1ee0-4cd6-9752-37761b8edd13/ols/A%20set%20of%20five%20solid%20red%20spiral%20taper%20candles%20a.jpg,"Saturate your sanctuary in the color of vitality and passion with The Blood Moon Spiral Tapers . This set of four handcrafted candles features a deep, solid crimson hue from wick to base. The twisted, spiral silhouette adds a modern edge to the classic taper, while the vibrant red wax provides a striking contrast against dark decor. Unlike traditional holiday candles, these are designed for the dark romantic. Whether used for a love spell, a vampire-themed feast, or to represent the element of Fire on your altar, they burn with a clean, steady flame for up to 8 hours. Key Features: Solid Crimson: Rich, deep red color throughout (no gradient). Sculptural Spiral: Twisted shape catches the light and adds texture. Clean Burn: Smokeless, dripless, and non-toxic paraffin wax. Long Lasting: 8-hour burn time for extended rituals or parties. Set of Four: Includes four matching candles in a gift-ready box. Dimensions: Approx. 7.5"" (18.5cm) tall."
XN-THE-VRD-GRD,The Verdant Gradient – Spiral Taper Candle Set (4-Pack),xn-the-verdant-gradient-spiral-taper-candle-set-4-pack-q667a,,Dining & Serveware,$36.00 ,$21.60 ,USD,2,False,https://img1.wsimg.com/isteam/ip/021f10ea-1ee0-4cd6-9752-37761b8edd13/ols/Four%20lit%20spiral%20taper%20candles%20showing%20a%20green%20.jpg;https://img1.wsimg.com/isteam/ip/021f10ea-1ee0-4cd6-9752-37761b8edd13/ols/477bbc19745f37bb3dd512b3db61261d83ef789ea5bc2.webp,"Bring the stillness of the deep woods into your home with The Verdant Gradient Taper Set . This curated collection of four handcrafted spiral candles captures the many shades of the forest. The set creates a perfect tonal gradient, ranging from a whisper-light hemlock green, through calming sage, to a rich, dark moss. The twisted shape evokes vines climbing a trellis or roots winding through the earth. Perfect for Yule celebrations, Earth elemental rituals, or simply adding a touch of biophilic gothic charm to your dining table. Burn them together to create a lush, living centerpiece. Key Features: Tonal Gradient: Includes four distinct shades of green (Pale, Sage, Olive, and Forest). Sculptural Spiral: Twisted vine-like shape adds organic texture. Earth Element: Perfect for green witches, herbalists, and nature lovers. Clean Burn: Smokeless, dripless, and non-toxic high-quality wax. Set of Four: Includes four candles in a gift-ready box. Dimensions: Approx. 9.6"" (24.5cm) tall."
